,1
GENE_1207,2.9853820458618756
GENE_1455,2.9786506751087027
GENE_50,2.935044392843228
GENE_405,2.9019513032775937
GENE_917,2.8895922770698363
GENE_1057,2.8788195572405932
GENE_2019,2.84793736983011
GENE_2392,2.8463854111031788
GENE_2124,2.8427272026655084
GENE_2038,2.7621456373252022
GENE_526,2.7546572115562964
GENE_748,2.692637999180301
GENE_1410,2.6919539162258204
GENE_975,2.6898493999815716
GENE_1138,2.685124707213774
GENE_104,2.6659566982728093
GENE_437,2.6269443800237626
GENE_1633,2.6224042474265192
GENE_481,2.6066102868743073
GENE_691,2.491640521136944
GENE_1341,2.469511834745884
GENE_1173,2.449342335054128
GENE_1853,2.41066964029256
GENE_1047,2.388663570514185
GENE_163,2.37498314932075
GENE_2690,2.3709394104355246
GENE_1541,2.3540159379713947
GENE_2866,2.317449755395903
GENE_2890,2.3045815986297744
GENE_2198,2.2926508375905006
GENE_1978,2.2343379932910676
GENE_1657,2.212882428703875
GENE_1891,2.1199557760694696
GENE_1760,2.1111628305546755
GENE_2278,2.1008166318068495
GENE_2768,2.1003212547311176
GENE_363,2.0605785033850674
GENE_2975,2.0490178680571334
GENE_2125,1.9406587370147963
GENE_1364,1.9167485800400192
GENE_173,1.8593017892040067
GENE_2994,1.8546260707513194
GENE_733,1.8075843215958056
GENE_205,1.7965268365145748
GENE_1577,1.776031319624393
GENE_1690,1.747160218520869
GENE_2398,1.6979601888074023
GENE_2454,1.685420973218956
GENE_461,1.6673492963158003
GENE_1588,1.590738079102988
GENE_2795,0.1505625081530948
GENE_845,0.14935763216364173
GENE_2341,0.1465628765308859
GENE_1402,0.13876438581614783
GENE_2872,0.1377507764925458
GENE_1566,0.1346552246742574
GENE_488,0.13079679033949165
GENE_959,0.12729376661913328
GENE_186,0.12591816943381517
GENE_464,0.1238799770800111
GENE_2141,0.12332698181894436
GENE_1839,0.1232553111577711
GENE_1050,0.11865348779718926
GENE_855,0.11858080185323003
GENE_2808,0.11793747771479744
GENE_1400,0.11696055062248001
GENE_1065,0.11563626439168836
GENE_2763,0.11487876820382936
GENE_980,0.11478781022860007
GENE_1793,0.11428489411627614
GENE_1480,0.11100811654146053
GENE_443,0.11061354126925141
GENE_6,0.11056050325096424
GENE_1564,0.11032032992015378
GENE_1533,0.10989664841266028
GENE_1804,0.10966152051070013
GENE_1266,0.10948444919526724
GENE_2524,0.10775627445906685
GENE_2839,0.10772146813349828
GENE_1725,0.10761867652242096
GENE_2499,0.10760821858583833
GENE_57,0.10724356687054307
GENE_1724,0.10707836734946811
GENE_1708,0.10671303702164059
GENE_384,0.10669335616350836
GENE_2798,0.10669011734129677
GENE_1398,0.10661188503027802
GENE_257,0.10583220989705991
GENE_732,0.10575964034476319
GENE_1354,0.10541451264672191
GENE_2847,0.10537939023425634
GENE_2578,0.10490357760086674
GENE_1865,0.10482590476965822
GENE_1392,0.10446584191388944
GENE_912,0.10412561219043256
GENE_2489,0.10382643531787146
GENE_1640,0.10376287745396412
GENE_1796,0.10296591209440742
GENE_256,0.1024882175955115
GENE_122,0.10246413010519503
GENE_2269,0.10191972552118082
GENE_1415,0.1018990746566143
GENE_2379,0.10178569343033553
GENE_143,0.1013920694624868
GENE_2965,0.10030765488899449
GENE_2861,0.09915320614857033
GENE_1990,0.09870063718913963
GENE_2365,0.098613285446054
GENE_297,0.09859392449861322
GENE_2641,0.09792354735634598
GENE_1478,0.0976248836838142
GENE_797,0.09658144421065983
GENE_1729,0.09560224537252185
GENE_1986,0.09496825526269348
GENE_2939,0.0945920433371922
GENE_966,0.09375350201654283
GENE_2411,0.09366041485789645
GENE_2954,0.09341959589554405
GENE_1335,0.09312518163521796
GENE_2216,0.09285356094748969
GENE_554,0.09274924128124357
GENE_2193,0.09251696079939947
GENE_1385,0.09174709664292505
GENE_2476,0.0905097368059571
GENE_1350,0.09050098806500188
GENE_1576,0.09018195132117439
GENE_2792,0.09016764510422656
GENE_1080,0.08960192491541763
GENE_1337,0.08955017339539179
GENE_2560,0.08928700863520085
GENE_215,0.0892544664069358
GENE_577,0.08874464907759416
GENE_2043,0.08847861483353461
GENE_1591,0.0884456964976034
GENE_1419,0.08820671930441251
GENE_221,0.08791779748333592
GENE_117,0.08718124016795244
GENE_204,0.08676581930962851
GENE_1552,0.08639023484469277
GENE_1527,0.08574125111411712
GENE_2784,0.08560185955316732
GENE_529,0.08541867371602808
GENE_1890,0.08518087636214262
GENE_2378,0.08494585935019948
GENE_366,0.0847374881911348
GENE_1537,0.08462497491012277
GENE_1754,0.0844713542973207
GENE_2209,0.08444528907651355
GENE_370,0.08434256519587363
GENE_2770,0.08418640927486161
GENE_1807,0.08398101402837228
GENE_2862,0.08358825846472426
GENE_2307,0.08357143787715843
GENE_1832,0.08315576539077914
GENE_1380,0.08301111359465446
GENE_1444,0.08300081351751096
GENE_2874,0.08291952902486438
GENE_2189,0.08273392182146469
GENE_2217,0.08249916760284716
GENE_353,0.08249352273373604
GENE_2431,0.08248515789091106
GENE_125,0.0819051966047419
GENE_1643,0.08166229635234992
GENE_108,0.08157300482464228
GENE_2121,0.08153090712349328
GENE_992,0.08137845017461655
GENE_14,0.08121780492281466
GENE_1208,0.0808799863148068
GENE_2859,0.08043844863981374
GENE_2650,0.08012505515693377
GENE_1387,0.08007404978639573
GENE_1405,0.07975608883039138
GENE_2120,0.07970985031691898
GENE_847,0.07957536477572742
GENE_2843,0.0792613287989611
GENE_2239,0.07917970523579808
GENE_777,0.07900981194007564
GENE_1233,0.07891669216770147
GENE_2063,0.07819628338019574
GENE_462,0.07815013103045847
GENE_2736,0.07777945436959333
GENE_914,0.0774180398023444
GENE_2731,0.07725877271148374
GENE_2530,0.07716739885142188
GENE_2032,0.07703459619334871
GENE_1078,0.07697551489661789
GENE_2525,0.07688105791028302
GENE_548,0.07670608205266097
GENE_1383,0.07661035122792433
GENE_2894,0.07659877303654967
GENE_1345,0.0764141561377553
GENE_1477,0.0764105680909824
GENE_993,0.07617383814308717
GENE_801,0.07607094877088669
GENE_1092,0.07606753969191346
GENE_952,0.07585584183832175
GENE_2717,0.07549912556851329
GENE_2509,0.07537338117972416
GENE_2880,0.07536696165914736
GENE_1563,0.07506258186684525
GENE_983,0.07500041798567549
GENE_930,0.07494357170675714
GENE_2016,0.07468544583445363
GENE_2463,0.07462490604995088
GENE_2610,0.07453054261367235
GENE_2535,0.07442960359876366
GENE_2136,0.0744017364393535
GENE_1652,0.07411621289926573
GENE_2200,0.07406084228803958
GENE_1194,0.07392882370302792
GENE_618,0.07364338813186269
GENE_1811,0.0733171179845026
GENE_741,0.07296143141969816
GENE_939,0.07289239016902291
GENE_1363,0.07289009879166006
GENE_1297,0.07270248721053277
GENE_1129,0.07258555360589207
GENE_2370,0.07202402443563077
GENE_624,0.07197059201007536
GENE_2028,0.07192504984651868
GENE_552,0.07192099955845985
GENE_1217,0.07172758686882658
GENE_1844,0.0717100647724041
GENE_2148,0.07120972398581467
GENE_2689,0.07117410947129296
GENE_2571,0.07109967352997357
GENE_2424,0.0709811333301326
GENE_1608,0.07087935674600256
GENE_2353,0.07080387450077885
GENE_859,0.07076298626610815
GENE_239,0.07065858826685008
GENE_2058,0.070602822719571
GENE_1414,0.07052963680410419
GENE_2187,0.07048008953345768
GENE_1893,0.07026810204674787
GENE_413,0.07012733083334007
GENE_1764,0.07006078061280836
GENE_1942,0.06984482815260595
GENE_250,0.06975588336850505
GENE_1647,0.06971039148433977
GENE_2824,0.06964676468188
GENE_1192,0.0695477316695131
GENE_2160,0.06941565815838657
GENE_808,0.06931715136819923
GENE_2572,0.06915364220571554
GENE_298,0.06904015459907138
GENE_950,0.06901400779375241
GENE_498,0.0690057093778222
GENE_2987,0.06895231170674238
GENE_1609,0.06865815367775568
GENE_2644,0.06865794087272173
GENE_2540,0.06855302258033348
GENE_1761,0.06812027098434774
GENE_1257,0.06793769668273915
GENE_1160,0.06788105325912049
GENE_2418,0.06784417741272143
GENE_511,0.06779185373750564
GENE_2081,0.06776757899468303
GENE_927,0.06769593521319682
GENE_15,0.06765675244018929
GENE_1623,0.0675418962178268
GENE_2916,0.06743383601193212
GENE_2451,0.06740080422267894
GENE_2995,0.06732177002839333
GENE_1817,0.06723460351178186
GENE_2407,0.06721699906896356
GENE_619,0.06696921868827999
GENE_1520,0.06692900908424443
GENE_426,0.06687525974705696
GENE_689,0.0667132113117544
GENE_1818,0.06657675177884119
GENE_380,0.06652960026136412
GENE_1677,0.06647550165188304
GENE_668,0.0664175746338037
GENE_80,0.06634952799043156
GENE_2511,0.06622208876944397
GENE_1118,0.06605540437363121
GENE_2102,0.06595937373123031
GENE_497,0.06557091776421231
GENE_2715,0.06536496327669428
GENE_2133,0.0653577924050133
GENE_1572,0.06526562872004184
GENE_192,0.06521039800581585
GENE_541,0.06508230788121291
GENE_1445,0.06485798950750053
GENE_1574,0.06474590431377278
GENE_299,0.06471596646322424
GENE_249,0.06471551203273987
GENE_1473,0.06470010450005031
GENE_1973,0.06469708836614664
GENE_858,0.0646477971042818
GENE_1619,0.06461583055066626
GENE_2419,0.06452614012706906
GENE_1307,0.06449140767681835
GENE_198,0.06434874659438414
GENE_929,0.06426811161759882
GENE_66,0.06408723485366062
GENE_2249,0.06406344237641776
GENE_39,0.06399570357736274
GENE_1300,0.06397493676300929
GENE_1813,0.06366524959032187
GENE_1215,0.0635908319778791
GENE_2415,0.0635371897158454
GENE_956,0.06339646307210592
GENE_1663,0.06336351536417817
GENE_592,0.0633300793910144
GENE_2498,0.06331763793729647
GENE_2528,0.0632518190230534
GENE_2588,0.0632168948356637
GENE_502,0.06302552277569111
GENE_411,0.06284021437219964
GENE_2317,0.06276844392939473
GENE_406,0.06269358848267093
GENE_589,0.06265447236203607
GENE_477,0.06264577681282937
GENE_2079,0.0625849137509894
GENE_1290,0.06253752529647345
GENE_377,0.06246195373754189
GENE_1028,0.06226133943612748
GENE_139,0.062213653146669975
GENE_2856,0.061938396236718846
GENE_1126,0.0619105593708487
GENE_1824,0.0619059188755146
GENE_2543,0.06187480871424544
GENE_2399,0.06184572919152271
GENE_2116,0.06181090088781177
GENE_1036,0.061778906536268746
GENE_1653,0.0614901178285502
GENE_2316,0.06138072031904921
GENE_625,0.06122454846817549
GENE_2115,0.06117560769891546
GENE_1559,0.06104145290645846
GENE_1299,0.060962819438475715
GENE_1019,0.06093986443012516
GENE_307,0.060689847727296874
GENE_2245,0.06053639304785612
GENE_2877,0.06049114218191707
GENE_431,0.06048239686537918
GENE_667,0.06043417671538861
GENE_2811,0.060311180458716064
GENE_374,0.06022508761295281
GENE_2648,0.05999088066409574
GENE_1570,0.05984580716194174
GENE_347,0.059674101706016267
GENE_1803,0.059537803596315844
GENE_1567,0.05943292295237211
GENE_1372,0.059330194498453726
GENE_871,0.059309665146024176
GENE_1016,0.05929734858193386
GENE_1379,0.059259158193826114
GENE_1606,0.05915412343187795
GENE_2097,0.05914650464942079
GENE_1958,0.05908504279331979
GENE_1355,0.05896487175403391
GENE_2180,0.058922117702267574
GENE_818,0.05891188741435682
GENE_675,0.058870976723402996
GENE_1756,0.058824933268028956
GENE_2182,0.0587210331671362
GENE_1512,0.05860656705939192
GENE_2444,0.05858460384798253
GENE_2510,0.05839406424924356
GENE_155,0.05812285280323776
GENE_1238,0.057868157705820565
GENE_565,0.05786630864260429
GENE_2577,0.05758416564123937
GENE_2450,0.05758373661923161
GENE_2137,0.057581210266121445
GENE_1775,0.05735136493584536
GENE_2474,0.057326026052508056
GENE_2483,0.057209260190410546
GENE_2723,0.05700743869704555
GENE_1284,0.056926504675392425
GENE_1899,0.056863256498188436
GENE_1060,0.056793107170963295
GENE_2504,0.056774516191188874
GENE_1661,0.056774471704976404
GENE_2287,0.05677337946929934
GENE_846,0.056674740594494816
GENE_248,0.056521995310279335
GENE_1957,0.056445526886651096
GENE_1511,0.056359780946300925
GENE_2807,0.05627716974004204
GENE_75,0.056266633328793864
GENE_1860,0.056256222655333886
GENE_2782,0.05609992640601312
GENE_1771,0.056078147925737405
GENE_922,0.0560691920638141
GENE_1964,0.05598626130693798
GENE_749,0.055967786048242055
GENE_2158,0.0559416538991639
GENE_2211,0.05580068534568155
GENE_559,0.05579139820958601
GENE_2742,0.055736703129802015
GENE_1896,0.05567920884136542
GENE_629,0.05566091031025967
GENE_1664,0.05559220308203096
GENE_803,0.05542806664432055
GENE_100,0.05534109772790374
GENE_2142,0.05517534004204416
GENE_1094,0.05514916386850216
GENE_30,0.05487504921548135
GENE_2693,0.054701685203208686
GENE_2034,0.05461317049278086
GENE_1227,0.05449807993046168
GENE_2006,0.05448544129216984
GENE_2671,0.054475319298766464
GENE_988,0.0542821647662103
GENE_1855,0.05419211191050808
GENE_203,0.054186785467430276
GENE_2285,0.05413856156207688
GENE_149,0.05410477136178947
GENE_2337,0.05406441219400728
GENE_1481,0.05402726868694349
GENE_2853,0.05401905891015915
GENE_1483,0.053828832031346405
GENE_2362,0.053809496006259616
GENE_1367,0.05360900368932082
GENE_1087,0.05353967232510344
GENE_29,0.05339331338636093
GENE_2360,0.05336034188998241
GENE_2636,0.05331674931501464
GENE_2851,0.05313968876398117
GENE_1867,0.05298076952131481
GENE_571,0.05276991726941963
GENE_2908,0.05276147641356389
GENE_1348,0.0526117251506101
GENE_2403,0.052472573576150774
GENE_70,0.05240647159162552
GENE_268,0.052382858186113754
GENE_387,0.052346999670123136
GENE_1456,0.05205004887076357
GENE_1446,0.05194257272983847
GENE_1369,0.05190272106200959
GENE_2699,0.05188021399481438
GENE_1769,0.05184115254598422
GENE_16,0.051638171959441925
GENE_1925,0.05155049900345378
GENE_2981,0.051437887873244444
GENE_288,0.05103144122648552
GENE_421,0.05095539320256624
GENE_757,0.05077197077888284
GENE_2292,0.050601887675083335
GENE_2819,0.0503731299893399
GENE_1522,0.05026160147323469
GENE_2252,0.050156230225546265
GENE_1471,0.05013257998328137
GENE_867,0.0500494733279917
GENE_1229,0.05000400649551226
GENE_906,0.04997694844084649
GENE_1743,0.0499459768754516
GENE_1551,0.04979703116532624
GENE_1702,0.04969326898596973
GENE_1646,0.049663083426659184
GENE_2734,0.04964929903323508
GENE_1501,0.0495936182598807
GENE_1211,0.04954869860092313
GENE_1276,0.049537368612043484
GENE_127,0.04950567857432104
GENE_2441,0.049447692786935865
GENE_2691,0.049412704251028006
GENE_2973,0.049408831817036425
GENE_2390,0.04937226906176366
GENE_1555,0.049359084910543125
GENE_2351,0.04935152541513346
GENE_1571,0.04923692577756198
GENE_2339,0.04914241773478914
GENE_524,0.04911905017871514
GENE_2143,0.04902954905328705
GENE_2677,0.04895841308960247
GENE_2752,0.0489330472623666
GENE_1133,0.048790123453814595
GENE_1904,0.04860808352106045
GENE_32,0.04837884944290695
GENE_321,0.04833531921685873
GENE_771,0.04810977183915459
GENE_520,0.048048887340341635
GENE_1051,0.047889320932429646
GENE_404,0.04786021724352559
GENE_2044,0.04759166414559488
GENE_913,0.047487031055855056
GENE_2988,0.047476900483479245
GENE_2172,0.04736787058253521
GENE_692,0.0473658282402638
GENE_1125,0.04733825224304221
GENE_1409,0.04729739993882663
GENE_2516,0.047268072598770236
GENE_1962,0.04725045387283741
GENE_1543,0.04713088041317162
GENE_1866,0.04690947672827633
GENE_796,0.04688187098528565
GENE_1088,0.04686148289864109
GENE_2238,0.046828252756337535
GENE_2556,0.046801783186577336
GENE_1744,0.04680114936217038
GENE_2777,0.04679874478036781
GENE_986,0.046729916161403685
GENE_137,0.04666853183088072
GENE_2537,0.04666350028993041
GENE_2772,0.04661480678565079
GENE_254,0.046588682125896806
GENE_960,0.04658786390847519
GENE_2062,0.04656877464903856
GENE_193,0.04653603034727926
GENE_1365,0.04651592836787396
GENE_2688,0.04642127978177194
GENE_2487,0.04642071692236154
GENE_2907,0.046369173639559336
GENE_600,0.04624485089388446
GENE_2223,0.04622036196197659
GENE_364,0.04620274756293963
GENE_344,0.04619990167379366
GENE_671,0.046193861368131445
GENE_1863,0.046188989555908874
GENE_794,0.04611414994971583
GENE_2595,0.04607916739195929
GENE_2420,0.046000066140714474
GENE_530,0.045888790878790706
GENE_1072,0.04587777597735441
GENE_1745,0.045667964531422085
GENE_2145,0.045667917695347324
GENE_2206,0.04558110740104104
GENE_372,0.04539095470491824
GENE_2025,0.04536429121087255
GENE_814,0.045356966445339084
GENE_905,0.045353282528657446
GENE_246,0.045288459730350145
GENE_2720,0.04521130243035597
GENE_386,0.04517900318988613
GENE_1382,0.04515801290620795
GENE_2729,0.04514982478141055
GENE_2854,0.04514259148796313
GENE_2849,0.044890414564262945
GENE_33,0.04479650087375328
GENE_2304,0.044788505232495016
GENE_2834,0.044763670049929996
GENE_1165,0.04469057813682015
GENE_2733,0.044648032392851
GENE_597,0.04463928041710816
GENE_2551,0.04460801214793805
GENE_126,0.04460134453707561
GENE_1172,0.044473846966303014
GENE_2184,0.044441227294692465
GENE_263,0.04429846596696437
GENE_395,0.04427820085570103
GENE_2323,0.04422833886680357
GENE_685,0.0441778407052152
GENE_1703,0.044078267945359115
GENE_262,0.04399662243287642
GENE_1312,0.04382682495683398
GENE_844,0.043772413964111814
GENE_709,0.043722750664834616
GENE_2236,0.04364757957966097
GENE_2090,0.043598952336733963
GENE_1801,0.043522373714523506
GENE_1959,0.04351941842122454
GENE_813,0.04332013843971546
GENE_2657,0.04310868209869813
GENE_2301,0.04301765127537843
GENE_1218,0.0429943868557956
GENE_2297,0.04298698730122458
GENE_647,0.042937266978724985
GENE_1466,0.04293425782988623
GENE_51,0.042845811718992655
GENE_1220,0.042729411142064716
GENE_1219,0.04267667183643807
GENE_2088,0.04263061265271026
GENE_452,0.04254097357400379
GENE_1556,0.04249238149264955
GENE_2013,0.04234742239942331
GENE_1948,0.04223177838031057
GENE_766,0.042196954736285916
GENE_135,0.04219198031751881
GENE_540,0.04213826733553269
GENE_2165,0.04205361795436861
GENE_2998,0.04203808133897082
GENE_335,0.04203184157484809
GENE_1980,0.041986987346185216
GENE_1842,0.04192652572699149
GENE_1981,0.041811194463680326
GENE_22,0.04177340394030793
GENE_2944,0.04177335667177519
GENE_2581,0.04164693063325452
GENE_276,0.041591608541621305
GENE_2048,0.041546250451807626
GENE_2073,0.04147701736829178
GENE_1059,0.04138257175698455
GENE_2952,0.041374466475597005
GENE_908,0.041331713336779125
GENE_617,0.041291158345317984
GENE_2787,0.04125312099648923
GENE_610,0.04117168469214201
GENE_1070,0.041154310292252964
GENE_2225,0.04094015105211349
GENE_874,0.040932547902973376
GENE_317,0.040925824238724366
GENE_2132,0.04069255197013792
GENE_2891,0.04063431613511738
GENE_2694,0.04059388735224724
GENE_1969,0.04048283531139276
GENE_770,0.04047142912009578
GENE_882,0.0404167893497495
GENE_182,0.04029567641081932
GENE_2651,0.04018145746953087
GENE_255,0.04015681757240133
GENE_2620,0.04009003814120139
GENE_2412,0.0400679472695505
GENE_710,0.04001827482631291
GENE_2949,0.04000583680993603
GENE_2146,0.039998047782246575
GENE_1245,0.03993919871013631
GENE_2938,0.03993277227971237
GENE_311,0.0399146439131326
GENE_500,0.03983733005408079
GENE_2213,0.0398021633386729
GENE_2380,0.03973717588167035
GENE_679,0.03965997797365136
GENE_2753,0.03961864762358831
GENE_2971,0.039557103039268376
GENE_1496,0.03947741510010372
GENE_820,0.03946901641516498
GENE_2615,0.03940404481465999
GENE_1912,0.03939261361950693
GENE_2065,0.03936560920318026
GENE_2548,0.039357392180155354
GENE_1322,0.03932230842398279
GENE_678,0.0392480800212806
GENE_402,0.039247310850974146
GENE_901,0.039229149429188745
GENE_622,0.039197927918697986
GENE_2706,0.03900524875004184
GENE_1113,0.03899677514942794
GENE_491,0.03882142859865269
GENE_2575,0.03880366579087617
GENE_817,0.03878837910736246
GENE_1542,0.03859556479278814
GENE_1492,0.03858228342777879
GENE_2838,0.038574215571100245
GENE_146,0.038571337087134866
GENE_1558,0.03852412443544189
GENE_2503,0.03833216475214669
GENE_1360,0.03831617272234248
GENE_26,0.03825129086415187
GENE_2290,0.038248217826410774
GENE_1075,0.038240904138146556
GENE_169,0.03820881593446865
GENE_1045,0.03814688504885867
GENE_3,0.03812326866291147
GENE_1791,0.0380793984911682
GENE_2607,0.03804015018253081
GENE_987,0.03802469601952418
GENE_2714,0.037967073578452755
GENE_2147,0.03789890114336295
GENE_928,0.03789390413806658
GENE_1547,0.03788550960640704
GENE_1658,0.03783013613598295
GENE_1136,0.03781256420382548
GENE_136,0.037803711982567906
GENE_1561,0.03776983010907582
GENE_2893,0.03773964350455559
GENE_1939,0.03770700774500063
GENE_1311,0.037690765004361804
GENE_2377,0.03760827478971224
GENE_1007,0.03757111574506947
GENE_1178,0.03743279958261534
GENE_2583,0.037222194563772446
GENE_42,0.037119999320443624
GENE_962,0.037036418583857325
GENE_2243,0.03697190329233855
GENE_2790,0.03691946713302953
GENE_591,0.03689791533080959
GENE_2515,0.036861696082091104
GENE_275,0.03685436087916633
GENE_1505,0.03682024248070101
GENE_1759,0.03679952238959651
GENE_2475,0.036755904035538405
GENE_2701,0.03666473320811828
GENE_2703,0.036593438082329184
GENE_2996,0.036534197124852716
GENE_643,0.0363323314515954
GENE_408,0.03629601727052174
GENE_1306,0.03626472653018505
GENE_2122,0.03620822598471411
GENE_2554,0.03611571531643218
GENE_883,0.036095944057650806
GENE_2309,0.03607797313118782
GENE_1739,0.03607754507532496
GENE_232,0.03606876060905907
GENE_1316,0.03605892349344331
GENE_1707,0.03600512356410436
GENE_1685,0.036000152961077135
GENE_2101,0.03593518253577849
GENE_1806,0.0359218614788234
GENE_1018,0.035817336898381076
GENE_1134,0.03576297624071445
GENE_2842,0.0357190597901758
GENE_2806,0.03564459252061939
GENE_1894,0.03553297772112864
GENE_811,0.035495793040230345
GENE_1903,0.03544256827020167
GENE_1601,0.035436705634837
GENE_1190,0.035423757477923555
GENE_1787,0.03523503200286403
GENE_1767,0.035216226030262004
GENE_1910,0.03509125720806232
GENE_1074,0.03503444013927513
GENE_907,0.03496248086839645
GENE_1040,0.03493926832504003
GENE_2778,0.03483096847386946
GENE_1625,0.03481667317136093
GENE_2230,0.03477808648703822
GENE_1629,0.034772387301842296
GENE_358,0.03464413231634598
GENE_978,0.03461735067511289
GENE_551,0.034426177102420845
GENE_666,0.03438962502478545
GENE_471,0.03430749833877016
GENE_2036,0.03423346911297786
GENE_2746,0.034216521106778516
GENE_2009,0.034171135484103485
GENE_1029,0.03412997847735072
GENE_2226,0.03401292413443256
GENE_1602,0.034001890937444434
GENE_1755,0.03397037676334845
GENE_885,0.033965335639153625
GENE_1269,0.033945523468788874
GENE_2937,0.033931928735507794
GENE_1408,0.03390860008420375
GENE_2670,0.03388961898542264
GENE_1169,0.033710181468200796
GENE_2286,0.0337095859039368
GENE_712,0.03369700051449774
GENE_2549,0.03356856102912072
GENE_338,0.03353357707220448
GENE_2692,0.03350178371078153
GENE_2919,0.03346007539893059
GENE_1636,0.033435351866271716
GENE_2396,0.03310971222056481
GENE_1141,0.033099793455242
GENE_207,0.03292492331880565
GENE_809,0.03292204251150575
GENE_1776,0.03291208847850313
GENE_2739,0.03290333204299983
GENE_1459,0.0328673787323075
GENE_474,0.03275347923313383
GENE_1035,0.032715239056921044
GENE_2484,0.03269924464423528
GENE_327,0.032572118327563
GENE_1954,0.03252347740214017
GENE_792,0.032520238718984504
GENE_832,0.03247680648946035
GENE_1985,0.03237416672324339
GENE_2018,0.03231053049218226
GENE_2322,0.032072533421462227
GENE_2704,0.032038802640943664
GENE_427,0.031980075992525996
GENE_200,0.03197636957509049
GENE_48,0.031894474155848895
GENE_802,0.03179867495837575
GENE_984,0.03178475536206477
GENE_2313,0.03176178131557218
GENE_2091,0.03172743163936604
GENE_2298,0.03171501752625394
GENE_1765,0.031706549890731836
GENE_2195,0.03164000004342294
GENE_2541,0.031604625012061946
GENE_1898,0.031588890026921446
GENE_1296,0.03157896478290535
GENE_1426,0.03152957039203354
GENE_2751,0.03149299959089032
GENE_677,0.03148020849148554
GENE_2884,0.0313726546322981
GENE_2724,0.03136156904041283
GENE_2376,0.03129883601315461
GENE_2542,0.031291714578551386
GENE_251,0.031279321919116365
GENE_2569,0.031199000734275388
GENE_352,0.031174952366299073
GENE_674,0.031173693669003282
GENE_2820,0.03115175519569515
GENE_1109,0.03105915058417791
GENE_397,0.031023942942628724
GENE_1763,0.031003542322092778
GENE_1596,0.03099523723154276
GENE_206,0.030989155099786406
GENE_2622,0.03094916709573488
GENE_1610,0.030945685350674816
GENE_693,0.0309279291356504
GENE_19,0.030885078838044127
GENE_812,0.03077475943011077
GENE_1521,0.03058813038130914
GENE_2485,0.03056271343463988
GENE_623,0.030551904277177244
GENE_971,0.030547117708022417
GENE_2027,0.030536128217270996
GENE_1919,0.03053039257989351
GENE_740,0.030449980812748214
GENE_303,0.0303059459689492
GENE_2071,0.03030228212041752
GENE_2801,0.030257249260886424
GENE_2,0.030236116975375607
GENE_62,0.03017630965201476
GENE_1425,0.03005202694357409
GENE_2613,0.030047286035462206
GENE_944,0.02994619310512507
GENE_482,0.029945634031442
GENE_1328,0.029879280857829354
GENE_919,0.02986433951386247
GENE_2244,0.02985828485333534
GENE_216,0.029845256719557043
GENE_2061,0.029785528471933193
GENE_2827,0.02976191664226145
GENE_2846,0.029687896631750435
GENE_1176,0.02966462158962281
GENE_1458,0.029638078739053927
GENE_1618,0.029557179946973263
GENE_510,0.029497895239765988
GENE_1749,0.029493081231202707
GENE_1323,0.02945525971616543
GENE_2001,0.029427540920659974
GENE_279,0.029396279646478576
GENE_2265,0.029382545867411944
GENE_71,0.029243359733542893
GENE_2673,0.02922777830936515
GENE_1887,0.029223728501452283
GENE_2300,0.029211502456499942
GENE_2564,0.029116924447942893
GENE_401,0.02908220107692027
GENE_2261,0.0290700156705403
GENE_1963,0.029031500080675926
GENE_195,0.029005261725683504
GENE_1589,0.028994467526749154
GENE_1248,0.028957710272674655
GENE_2055,0.02892852628151978
GENE_1545,0.028914280751844205
GENE_1234,0.028911660093230013
GENE_948,0.028850136712070505
GENE_1179,0.02878534240903474
GENE_140,0.028753689603383897
GENE_2637,0.028716271300452983
GENE_320,0.02860530945875637
GENE_1592,0.028604618882674297
GENE_2683,0.028588795121228243
GENE_2755,0.02853175521391543
GENE_118,0.028530352294946902
GENE_2776,0.028447321729902553
GENE_393,0.028380041962574442
GENE_2051,0.028371717009490906
GENE_420,0.028369004927291667
GENE_2315,0.028350558805762194
GENE_2129,0.02833038461472285
GENE_961,0.028327709469451408
GENE_1015,0.028258135976022915
GENE_1420,0.02825750587012844
GENE_672,0.028182466529760676
GENE_473,0.028177530905891344
GENE_838,0.02814071849953642
GENE_1441,0.028138049965080826
GENE_2526,0.028071887775905073
GENE_2771,0.027911953314403264
GENE_179,0.027889681673001175
GENE_1548,0.027884697283744354
GENE_687,0.027874817190464928
GENE_2976,0.02783313583293934
GENE_626,0.027749309426543925
GENE_392,0.027699558562050246
GENE_1915,0.027649087299215815
GENE_1123,0.027635812864266876
GENE_211,0.02761665229566474
GENE_1984,0.027594093716941936
GENE_2355,0.02756680075240575
GENE_673,0.027551661114640733
GENE_172,0.027523530380923252
GENE_1999,0.027427915987522755
GENE_1616,0.027383934947577796
GENE_2623,0.02733616235181894
GENE_582,0.027233811424511395
GENE_1199,0.027206346270083743
GENE_2482,0.027190288353731717
GENE_1900,0.02706871536642827
GENE_1149,0.02698937474390105
GENE_2348,0.026985722514948955
GENE_768,0.02690578265973838
GENE_1175,0.026880290564781698
GENE_28,0.026877526273853446
GENE_2582,0.02680486396149185
GENE_2262,0.026785119227965122
GENE_1581,0.026771743719296692
GENE_1124,0.026766949214142535
GENE_148,0.026695174448259824
GENE_2047,0.026646936332734517
GENE_1267,0.026635144761843775
GENE_442,0.0266236168046341
GENE_783,0.02641969267149431
GENE_1147,0.026213091487880213
GENE_2557,0.026172429574569122
GENE_1326,0.026077847154708098
GENE_884,0.02601706395107079
GENE_1237,0.025935052164710634
GENE_208,0.02587276079545175
GENE_52,0.02586497721201786
GENE_2356,0.02585631097033425
GENE_2453,0.025769353747452
GENE_2662,0.02576371530079615
GENE_1158,0.025738700968487464
GENE_2764,0.02573079514508871
GENE_662,0.02555416105044124
GENE_2864,0.025502540703452897
GENE_2681,0.02548426853846119
GENE_659,0.02543533734219287
GENE_1731,0.025360815371312767
GENE_904,0.025356222351401583
GENE_2312,0.025129554772198557
GENE_1177,0.025116194817671456
GENE_1938,0.025082112713066897
GENE_2432,0.02501549012752494
GENE_287,0.024981205743162403
GENE_394,0.024966236858766887
GENE_2029,0.02493153182895052
GENE_1183,0.02491707821660278
GENE_365,0.024860530344186074
GENE_410,0.024808279520688765
GENE_1991,0.024787286069076844
GENE_2052,0.024766932856146385
GENE_1159,0.024750867255999003
GENE_1781,0.024740207832327395
GENE_382,0.024738267731418382
GENE_887,0.02463371195392569
GENE_1536,0.02460903976812862
GENE_313,0.0245717865998408
GENE_98,0.024521354157304047
GENE_2700,0.024457150938447476
GENE_1103,0.02442593301150455
GENE_1843,0.024406642600601228
GENE_1089,0.024361731376078687
GENE_466,0.024357877445606635
GENE_1115,0.02433178018560644
GENE_309,0.024299107043486756
GENE_2000,0.02426368239036812
GENE_599,0.024219839866550307
GENE_519,0.02417236117602338
GENE_2393,0.024066554204926205
GENE_1460,0.024063356048276623
GENE_2422,0.023966633873797598
GENE_2712,0.0238556056307054
GENE_2177,0.023817592299831637
GENE_391,0.023741189487681866
GENE_1013,0.023727021664504494
GENE_2737,0.023716529684140827
GENE_2531,0.02368834906426491
GENE_701,0.023668754008321236
GENE_900,0.023650986791371384
GENE_369,0.02363591567109937
GENE_2310,0.023635018151392285
GENE_2456,0.02363477573268307
GENE_21,0.02358080211326672
GENE_1071,0.02355551711420012
GENE_1093,0.023376183472897712
GENE_72,0.02332214704056795
GENE_2342,0.023265262861647575
GENE_1406,0.023184600029127853
GENE_1157,0.023180319562014585
GENE_280,0.023157678313352116
GENE_1614,0.02314828808834382
GENE_1485,0.02311723940921414
GENE_1168,0.02309291417974561
GENE_1242,0.023078854858051147
GENE_1830,0.023023644623016815
GENE_362,0.02298849711876263
GENE_627,0.022983473796808478
GENE_1235,0.022949825176883015
GENE_665,0.022894249961590216
GENE_945,0.02283253320465571
GENE_103,0.022819996843296504
GENE_2710,0.022766703875534033
GENE_2974,0.022763645053538093
GENE_2425,0.022762804902379755
GENE_886,0.0227565710545318
GENE_53,0.02268598318685959
GENE_2229,0.022642418228972196
GENE_2922,0.02261200278474644
GENE_2385,0.02255647788705433
GENE_755,0.022499510844095044
GENE_2023,0.022496647719119304
GENE_1639,0.022425402229505398
GENE_1442,0.022397903422955966
GENE_997,0.02236148972803396
GENE_1448,0.022147168052045793
GENE_1988,0.022143830352170102
GENE_2725,0.022136788407584995
GENE_2449,0.022117052761034123
GENE_1391,0.021876506714938446
GENE_2912,0.021820915456062705
GENE_2427,0.021793075392987162
GENE_412,0.02171229340253095
GENE_824,0.021626668072231715
GENE_130,0.02157643812016738
GENE_2314,0.021537666870563417
GENE_1632,0.021491390353604128
GENE_1063,0.02146875942483233
GENE_2274,0.021414709442908637
GENE_2460,0.021405973452248366
GENE_1493,0.02135940849714013
GENE_568,0.02121178957481867
GENE_283,0.021198224743201488
GENE_277,0.021188979725475714
GENE_729,0.02118796023112295
GENE_2095,0.021154733235448128
GENE_1292,0.021092381918104038
GENE_2469,0.02096599178016487
GENE_2014,0.020911124743007894
GENE_1222,0.020873081408877288
GENE_2201,0.020787873050344723
GENE_1437,0.02072883727956065
GENE_877,0.020682954620704984
GENE_2098,0.02067784673731063
GENE_525,0.020646367435889625
GENE_1668,0.02064349106295701
GENE_1243,0.020611351003684324
GENE_2255,0.020551410084919938
GENE_1167,0.02052028838422773
GENE_2600,0.020508490156673782
GENE_2246,0.020508111407029163
GENE_2586,0.020490683571999298
GENE_1993,0.020489059429486707
GENE_493,0.020450488674727856
GENE_1934,0.020396850405923275
GENE_651,0.020385194561316197
GENE_621,0.02034062907876611
GENE_2272,0.02030165253139425
GENE_1274,0.020265538439918716
GENE_2810,0.02021815669363653
GENE_2632,0.020141546796096078
GENE_2452,0.020045281662459627
GENE_1143,0.02002000794381123
GENE_95,0.019977323874760044
GENE_325,0.019955697987297214
GENE_1090,0.0199328544917293
GENE_1114,0.019932814562426564
GENE_2860,0.019924251344823674
GENE_292,0.019898560706660726
GENE_2327,0.01987874824888834
GENE_1562,0.019857954259803204
GENE_1752,0.019842094396291497
GENE_2962,0.019549598784484534
GENE_615,0.019512890133667537
GENE_2157,0.019488513751108622
GENE_1587,0.019338309261360806
GENE_2663,0.01927019966524235
GENE_2598,0.01919120902343699
GENE_2913,0.01916899581973674
GENE_86,0.019113872496358885
GENE_564,0.019096262269475386
GENE_1012,0.019049664933372106
GENE_584,0.019040399837236363
GENE_1531,0.019015908939061382
GENE_2227,0.01899555041562053
GENE_2480,0.018889629449301386
GENE_1195,0.01887471280598502
GENE_663,0.018831667129342117
GENE_702,0.018747010291814428
GENE_2437,0.0186914538587072
GENE_637,0.018651239764669245
GENE_1187,0.018625311324107864
GENE_841,0.018605743183865917
GENE_2267,0.01858483252192919
GENE_2345,0.01857315982105803
GENE_1083,0.018571580576357015
GENE_2049,0.018543378272664286
GENE_2850,0.0185377243403364
GENE_2589,0.018322330986186405
GENE_1004,0.018295299416251604
GENE_1599,0.018281375342002627
GENE_1320,0.018245796395936854
GENE_1273,0.01813968597935145
GENE_1859,0.018091942453220967
GENE_1539,0.01804835823411665
GENE_2697,0.018038962091928613
GENE_1996,0.018034166211723254
GENE_450,0.01795840947025871
GENE_840,0.017953116353393528
GENE_1516,0.01790819952040386
GENE_2611,0.01784827934438253
GENE_1751,0.01781699851028057
GENE_1523,0.01780631754110199
GENE_819,0.017805685085703352
GENE_2416,0.017793364176788666
GENE_1427,0.017747932213584394
GENE_2107,0.017735304570853754
GENE_583,0.017732004434082654
GENE_2567,0.017695956514661
GENE_2821,0.017636215481402054
GENE_2645,0.017623195389839443
GENE_2527,0.01758133216280687
GENE_54,0.017542001019561656
GENE_2716,0.017541994206561877
GENE_836,0.017541334683459402
GENE_2959,0.017504707619690113
GENE_1023,0.01748423793763274
GENE_2760,0.01745805895323455
GENE_1236,0.017421489506935395
GENE_1324,0.01736368287639481
GENE_1882,0.017328835013847143
GENE_2599,0.01732587231147464
GENE_2748,0.01728908691627299
GENE_2924,0.017259424223615344
GENE_1897,0.01725918174580337
GENE_1644,0.01722949784662056
GENE_756,0.017208091431194776
GENE_1044,0.01718827444010353
GENE_1433,0.01714623928138776
GENE_723,0.01711507778445849
GENE_1922,0.017086858072315237
GENE_2986,0.017081994138691898
GENE_1514,0.017080684317009195
GENE_2649,0.017077045473678828
GENE_2796,0.017025567135647117
GENE_2113,0.016942235297648656
GENE_2075,0.01690135403549315
GENE_1073,0.01689124138024727
GENE_586,0.016867516089087514
GENE_1583,0.016862800495934957
GENE_418,0.01685391612501767
GENE_59,0.016853087866557787
GENE_2923,0.01682325427656512
GENE_549,0.01677719279142874
GENE_1027,0.01674102348965139
GENE_2505,0.01662649180703158
GENE_385,0.016625662703997995
GENE_805,0.016569092423788033
GENE_115,0.016524438680847804
GENE_954,0.016451947730622397
GENE_2319,0.016178866377928244
GENE_1277,0.016144301772405896
GENE_1655,0.016110489096949336
GENE_633,0.016074801065056564
GENE_1834,0.015974109405796657
GENE_1622,0.015945237751723965
GENE_649,0.015829846275710647
GENE_1672,0.015811439671731327
GENE_2439,0.01578852621310673
GENE_1926,0.01569714386111115
GENE_449,0.015669937904669088
GENE_1604,0.01560916599981918
GENE_1955,0.015524820707977685
GENE_2573,0.015517722766167082
GENE_40,0.01551355481087819
GENE_2679,0.015499104545027578
GENE_49,0.015474370127587525
GENE_2865,0.015459320771332368
GENE_2222,0.015455940912439268
GENE_448,0.015450992340611414
GENE_1255,0.015326763303483983
GENE_1569,0.0152952308588193
GENE_2170,0.015295008207555891
GENE_728,0.01529226002453166
GENE_2363,0.01528435959555369
GENE_2433,0.015284249030626838
GENE_775,0.015247954513042002
GENE_921,0.015185664181629348
GENE_1298,0.015141321775775575
GENE_2580,0.015116541986775846
GENE_1288,0.01505681084956601
GENE_1534,0.015047346179617309
GENE_2204,0.01504112318054051
GENE_196,0.01501800328945569
GENE_107,0.015001666206769355
GENE_2797,0.014942504526676276
GENE_272,0.014883325168200857
GENE_849,0.014877826979375973
GENE_270,0.014835108006873932
GENE_747,0.014834034048216795
GENE_1849,0.014832714462960627
GENE_602,0.014758337211138776
GENE_2296,0.014699359523317
GENE_2406,0.014658639354041155
GENE_20,0.014636329492694708
GENE_963,0.014558390575599368
GENE_630,0.01449447981746061
GENE_2131,0.014481277593104688
GENE_1239,0.01443794734003507
GENE_1500,0.014396806224037618
GENE_653,0.014395679773564568
GENE_727,0.014393650654656462
GENE_1734,0.014376989350234149
GENE_793,0.014338741033067655
GENE_224,0.014302613470066124
GENE_2828,0.014233763763503337
GENE_1913,0.014231754662215712
GENE_2658,0.014167827414855666
GENE_455,0.01416173357356475
GENE_2472,0.014113977072272181
GENE_2086,0.014100557139162388
GENE_1508,0.013989810865697904
GENE_1069,0.013967071291923082
GENE_872,0.013927216647971183
GENE_343,0.01391011233297696
GENE_870,0.013909772739662964
GENE_1809,0.01386716255491206
GENE_1263,0.013841839231762298
GENE_96,0.013841349121696456
GENE_414,0.013833177059606483
GENE_1683,0.01377344075714429
GENE_1022,0.01372430796621391
GENE_1349,0.013672249944624971
GENE_1034,0.013591080678260072
GENE_1847,0.013576553664804803
GENE_2391,0.013571486797408001
GENE_1053,0.013548665180027914
GENE_1789,0.013477416956837658
GENE_1287,0.013460671650300474
GENE_1965,0.013458870381015092
GENE_123,0.01341786150647762
GENE_2417,0.01338994666002032
GENE_2545,0.013352528420866917
GENE_2260,0.013348815003299819
GENE_895,0.013337834545210226
GENE_11,0.013297549760448283
GENE_1560,0.013290783678152417
GENE_178,0.013265032391045643
GENE_538,0.013264130599512435
GENE_2149,0.013262897552042841
GENE_2271,0.013165735095194581
GENE_485,0.013160998561193904
GENE_483,0.013107157269543358
GENE_735,0.013027964000327156
GENE_604,0.013012311448713771
GENE_424,0.012995117121594457
GENE_194,0.012917953108212902
GENE_2918,0.012913994360928476
GENE_2259,0.01287514494855439
GENE_506,0.01286782432161249
GENE_230,0.012822254172130999
GENE_1230,0.012793232894710505
GENE_899,0.01264506338987875
GENE_1923,0.01263432026885062
GENE_1736,0.01251098339425675
GENE_190,0.012477524020433398
GENE_1535,0.01244332202429406
GENE_2590,0.01232546654760376
GENE_1710,0.012313491796995361
GENE_940,0.012289658353008888
GENE_145,0.012283082528788762
GENE_265,0.012247616032299865
GENE_2793,0.01209789203919054
GENE_189,0.012062041101189294
GENE_569,0.011944224336934293
GENE_2601,0.01190266383347488
GENE_562,0.011902525302995097
GENE_2471,0.011885487658185506
GENE_346,0.011781851963521276
GENE_2745,0.011778441605087845
GENE_2523,0.01174797115667916
GENE_931,0.01168229323020801
GENE_843,0.011665878852082992
GENE_996,0.011588971153745006
GENE_213,0.011578822539299503
GENE_1726,0.011448245804362246
GENE_833,0.011447492750669318
GENE_2068,0.011385478502024695
GENE_2334,0.011211437423892287
GENE_2848,0.01111483544594232
GENE_1960,0.011110664517041879
GENE_1499,0.011072040674289567
GENE_332,0.011030475445562715
GENE_1279,0.01096219318191282
GENE_1488,0.010893742676197153
GENE_2685,0.010888411643057472
GENE_226,0.010883301397037998
GENE_1876,0.010879298698683398
GENE_1494,0.010784333487393334
GENE_1386,0.010717088307563256
GENE_1490,0.01071068404062099
GENE_1586,0.010657788158796665
GENE_1997,0.01059796859843299
GENE_2387,0.010596358798976
GENE_1247,0.010570353283350991
GENE_1784,0.010565337001204194
GENE_113,0.01044027851792841
GENE_1390,0.010370724595884171
GENE_1479,0.010247891053481157
GENE_1250,0.010191459804494636
GENE_1102,0.010121086838942188
GENE_924,0.01007103164152915
GENE_306,0.01004055436590371
GENE_2220,0.010028957730909019
GENE_684,0.009999394369453216
GENE_2945,0.009988551081494365
GENE_1203,0.009967078885101333
GENE_2103,0.009943249929371333
GENE_1680,0.009943031411226617
GENE_543,0.009874350266223724
GENE_2857,0.009869980870348717
GENE_499,0.009848136224468514
GENE_875,0.009706991004509592
GENE_1002,0.00970465131624558
GENE_970,0.009683988420914762
GENE_1468,0.009611410852028147
GENE_2887,0.009592731156707397
GENE_2139,0.00954899805169914
GENE_41,0.009539337478615743
GENE_688,0.009394901502296013
GENE_1872,0.009380343436124042
GENE_106,0.009370367395025066
GENE_857,0.009364554121602026
GENE_2208,0.009347581389111096
GENE_1108,0.009345313381211565
GENE_1850,0.009342648760030246
GENE_2759,0.009311697014396603
GENE_739,0.009294962704730049
GENE_609,0.009288827549716782
GENE_1841,0.009278278407647444
GENE_2900,0.009253957255311248
GENE_2336,0.00925249305923501
GENE_1352,0.009210951351697305
GENE_1861,0.009155072617250789
GENE_7,0.009043277360041319
GENE_2458,0.009032059127057932
GENE_1139,0.008945692353923135
GENE_2604,0.008851880984422692
GENE_976,0.008789372910841451
GENE_201,0.008729083493282306
GENE_2721,0.008708582484960257
GENE_587,0.008582759270659188
GENE_245,0.008551583490226335
GENE_314,0.00844573457814968
GENE_2979,0.008441916722611548
GENE_1339,0.008409470694347145
GENE_2702,0.00836339749898038
GENE_1429,0.008339714784272381
GENE_2468,0.008328205862602136
GENE_171,0.008280845074713569
GENE_2898,0.008218999006079402
GENE_1881,0.00820088917377474
GENE_579,0.008199131412756942
GENE_2442,0.008126686781641277
GENE_2518,0.008115170605259422
GENE_1593,0.00810877183907935
GENE_2368,0.008108315078018253
GENE_1120,0.008039408254644779
GENE_490,0.008027397040905507
GENE_1048,0.00801281964098988
GENE_1223,0.0079847225868309
GENE_1720,0.00797271408775714
GENE_830,0.007888272054498512
GENE_1359,0.007887216954816909
GENE_1992,0.007881583157550998
GENE_1748,0.00787355862966923
GENE_1449,0.007872618385384379
GENE_154,0.007857217653838473
GENE_1309,0.007809572244674483
GENE_1495,0.007795056342401706
GENE_2464,0.007721564447787938
GENE_2591,0.007705236750132672
GENE_1486,0.007674141769118008
GENE_734,0.007599440887930693
GENE_585,0.007477458578694881
GENE_517,0.007455782054115248
GENE_2584,0.007418977521430874
GENE_2064,0.007367204179015426
GENE_534,0.0073521723247597925
GENE_2665,0.0073434277299051325
GENE_1883,0.007330138410382953
GENE_1491,0.007324009854210757
GENE_2024,0.007322752125986572
GENE_2333,0.007260221879893381
GENE_648,0.007193628318819586
GENE_229,0.007130630615968627
GENE_2219,0.007076680217225191
GENE_716,0.0070536252568136615
GENE_2552,0.006996000449513068
GENE_1795,0.006938520932748188
GENE_2906,0.006914830160327019
GENE_2242,0.0069031932964957144
GENE_1221,0.006847482923287816
GENE_2078,0.006839071078292257
GENE_1901,0.006764243389971991
GENE_2627,0.006681531689414629
GENE_1722,0.006653639089730656
GENE_302,0.0066320068876591885
GENE_501,0.006577839523919542
GENE_780,0.006551468909707947
GENE_1628,0.006537874059657688
GENE_1210,0.006486378511411425
GENE_403,0.006467435420240874
GENE_2942,0.006449177053639908
GENE_880,0.006441281628677718
GENE_318,0.006275149999810348
GENE_2089,0.0062426951863417315
GENE_284,0.006235651692890497
GENE_210,0.006226695465598668
GENE_88,0.006137160091305309
GENE_2192,0.006108561196584563
GENE_1670,0.006030614522897116
GENE_459,0.006008887277897347
GENE_683,0.005990879296601371
GENE_1107,0.00597959295818469
GENE_2494,0.005952701713123516
GENE_1128,0.0057772482078167365
GENE_1630,0.005763943313261816
GENE_696,0.005583811032351902
GENE_1010,0.005571104166929963
GENE_1000,0.0055387422952965434
GENE_2400,0.005511339579393412
GENE_2517,0.005478300353072278
GENE_2684,0.005476952755535139
GENE_581,0.005462631479481565
GENE_1225,0.005391413183579689
GENE_1205,0.005366598268358433
GENE_515,0.005358852053114706
GENE_1656,0.005337189370205803
GENE_1819,0.005311216234060291
GENE_967,0.0053075201243169045
GENE_295,0.005281493727182801
GENE_430,0.00527201087797809
GENE_2513,0.005269431882162426
GENE_800,0.005166849639189272
GENE_782,0.005132503931721799
GENE_856,0.005031210438742717
GENE_109,0.004843858884905873
GENE_1941,0.00484287905963273
GENE_1452,0.0048348516572980366
GENE_1008,0.004790623319529695
GENE_1617,0.004780501935406425
GENE_837,0.004769989111391523
GENE_2135,0.0047637715049695245
GENE_429,0.004734119522212579
GENE_55,0.0046487519494694055
GENE_516,0.004618539484830763
GENE_416,0.004586322187407061
GENE_2858,0.00453780021068266
GENE_1947,0.004472450463543689
GENE_1503,0.00446835589935545
GENE_972,0.004433815871932952
GENE_654,0.004425181241312595
GENE_1315,0.004414650703642465
GENE_1033,0.004368921749726504
GENE_212,0.004361572837429585
GENE_1612,0.004340037726551508
GENE_1422,0.004327913542917481
GENE_1851,0.004291851434442603
GENE_258,0.0042914821545173626
GENE_1313,0.004150652341960374
GENE_1669,0.00405778056491569
GENE_2349,0.004035707846188765
GENE_274,0.004004978759362699
GENE_2953,0.003989903743069175
GENE_2397,0.003910728273759248
GENE_371,0.0039036268401259587
GENE_1462,0.0038951714571643864
GENE_2625,0.0038020820537183293
GENE_228,0.003798640368782809
GENE_2030,0.0037800623892103036
GENE_396,0.0037658898183006925
GENE_2830,0.0037519916095207304
GENE_1693,0.0037486931770489215
GENE_334,0.0037384998179194905
GENE_1540,0.0037220172433396603
GENE_175,0.0036852174105591225
GENE_1651,0.003684491618011456
GENE_1209,0.0036615683709928914
GENE_1154,0.0036460302237147765
GENE_613,0.0035837677107198873
GENE_35,0.0035646937306810095
GENE_220,0.0034843623645091984
GENE_1945,0.0034208704440901287
GENE_2496,0.00340890338598027
GENE_542,0.0033645939841183622
GENE_2852,0.0032488144174261727
GENE_1829,0.003234871958994759
GENE_2188,0.0032284828048345505
GENE_1874,0.003116060847339293
GENE_933,0.0030853944563058178
GENE_2718,0.003057708009609885
GENE_2436,0.002884057080335064
GENE_1447,0.002879753492685879
GENE_2438,0.002790405567084045
GENE_2963,0.0027428891827935287
GENE_528,0.0025157876066276615
GENE_1061,0.0024403740966677107
GENE_1099,0.0024098834361242806
GENE_2404,0.002405486031667039
GENE_2817,0.0023870887849186534
GENE_312,0.0023865486142062263
GENE_2185,0.0023146002793617906
GENE_1699,0.0022785556784259142
GENE_2675,0.002274329408970613
GENE_2357,0.0022719168546064773
GENE_2072,0.002241728660238182
GENE_1951,0.002210853583417282
GENE_2251,0.002197467807249647
GENE_1654,0.002187425064253567
GENE_479,0.0021865692004311207
GENE_1638,0.002104834736986057
GENE_281,0.002060205608829937
GENE_2903,0.0020329704317809776
GENE_2606,0.0020274155140655933
GENE_2547,0.0019927385561010957
GENE_721,0.0019534823668998814
GENE_2696,0.0018958248619718827
GENE_252,0.0018401094190331826
GENE_389,0.0018370847484328338
GENE_1833,0.0017751249418072185
GENE_1434,0.001769001199627248
GENE_1086,0.0016888460875414645
GENE_772,0.001644011516508741
GENE_10,0.0015865825030072708
GENE_1052,0.0015456908175615382
GENE_1790,0.0015050577284209873
GENE_1017,0.0015008648002755361
GENE_518,0.0014884291743557194
GENE_1,0.0014581006745129285
GENE_2879,0.0014539389813132712
GENE_1709,0.0014347985318392507
GENE_2592,0.001341678908772105
GENE_1476,0.0013127707784757027
GENE_1432,0.0012602488803174286
GENE_2194,0.001235673981465067
GENE_815,0.0012338168596252273
GENE_1678,0.0012112198684118003
GENE_1659,0.0011450202073113383
GENE_2775,0.0010950666335267367
GENE_1111,0.0010490616412007145
GENE_1933,0.001014944928018409
GENE_2786,0.000991211247356301
GENE_1780,0.000977569513810686
GENE_217,0.0009296097938345962
GENE_1254,0.0009137926582310054
GENE_2910,0.0008832915404704475
GENE_1401,0.0008607599244837422
GENE_1773,0.0008425553406353793
GENE_1042,0.0008384019078395907
GENE_2140,0.0008272028833390364
GENE_790,0.0007338070764545701
GENE_2455,0.000733542488676027
GENE_2855,0.0005976949377332521
GENE_2634,0.0005453791402374487
GENE_1026,0.0004765696876484968
GENE_2805,0.0004653220351270339
GENE_2235,0.00045547814586902594
GENE_1413,0.00041675811076886254
GENE_1155,0.00040794682667415205
GENE_1270,0.00033304426045827756
GENE_2070,0.0003164304957247177
GENE_789,0.0002985366812425982
GENE_977,0.00018305764696913487
GENE_898,0.00016194029306615398
GENE_2461,0.00015925740936660257
GENE_2326,8.57918209132627e-05
GENE_1212,-2.943621171869193e-06
GENE_2465,-8.275859492558324e-05
GENE_2066,-8.914292576400751e-05
GENE_1440,-9.122384151489388e-05
GENE_1304,-9.553550686121053e-05
GENE_2042,-0.0001039392768513918
GENE_2823,-0.00011864332907170552
GENE_715,-0.00018513021536756963
GENE_2901,-0.00019714261829675145
GENE_1463,-0.00022884000530284596
GENE_286,-0.0002632213258822076
GENE_2080,-0.0003531451976980862
GENE_2167,-0.00035954290953799095
GENE_1762,-0.00037418883599215844
GENE_2448,-0.0004043312588245798
GENE_176,-0.0004329637935584184
GENE_598,-0.0005192336299270333
GENE_2181,-0.0005869582821537191
GENE_2920,-0.0006068910659944443
GENE_1282,-0.0006396385993159108
GENE_1241,-0.0007035020761588726
GENE_1151,-0.0007739451905953779
GENE_348,-0.0007867499894543689
GENE_222,-0.0008494165017045655
GENE_2241,-0.0008753260988650516
GENE_290,-0.000995596689667714
GENE_2099,-0.0009958046260859655
GENE_1156,-0.001013989711371871
GENE_909,-0.0010390408343769891
GENE_1038,-0.0010642484061312487
GENE_2682,-0.0011485723724843078
GENE_644,-0.0011582930744975725
GENE_289,-0.001192905647541674
GENE_1110,-0.0011998677237560137
GENE_2159,-0.0012746296265351877
GENE_1906,-0.00129640950856056
GENE_1001,-0.0013309885972263395
GENE_2164,-0.0013734678679282524
GENE_1774,-0.001405618997009795
GENE_563,-0.0014537195954979418
GENE_596,-0.0014578953835584145
GENE_726,-0.001470535431057272
GENE_441,-0.0015143117673627124
GENE_3000,-0.0015632470539107199
GENE_2905,-0.0016090962262944753
GENE_322,-0.0016504825777509495
GENE_77,-0.0016636019340078734
GENE_2570,-0.001700080874505917
GENE_1768,-0.0017685433842198634
GENE_44,-0.0018577462903215762
GENE_2408,-0.0018891521593397955
GENE_209,-0.0019810212118886728
GENE_423,-0.0020088614168281543
GENE_1805,-0.002023140261020684
GENE_360,-0.002162413543436094
GENE_2628,-0.0021646093097944415
GENE_507,-0.002183576405626591
GENE_1974,-0.0022872085315477153
GENE_2410,-0.0023157266933491287
GENE_1989,-0.00235878590706196
GENE_1098,-0.002370357053922117
GENE_2470,-0.00239582336079851
GENE_1180,-0.002586604020831028
GENE_737,-0.002591728377859731
GENE_2955,-0.002642455983456064
GENE_5,-0.002659736679266597
GENE_706,-0.0026629598623174374
GENE_1686,-0.0027047531187928894
GENE_2585,-0.002711048399040593
GENE_1362,-0.002757495936103537
GENE_1353,-0.0028257598323651566
GENE_2263,-0.002837753685065808
GENE_2943,-0.003012301796554329
GENE_595,-0.0030491082080695547
GENE_1064,-0.003061156364040968
GENE_1206,-0.0031317918538092612
GENE_180,-0.0032610238502409628
GENE_1265,-0.003334743101554469
GENE_1411,-0.0034285364340965463
GENE_1182,-0.0034522373274892097
GENE_2112,-0.0034846730205195693
GENE_2156,-0.0034977911314603284
GENE_670,-0.0035202166625285213
GENE_2364,-0.0036121832415923222
GENE_2330,-0.0036161830622770067
GENE_2750,-0.003710835703014618
GENE_2010,-0.0037251337710325766
GENE_1961,-0.0037372322040335262
GENE_271,-0.0037478567120142244
GENE_2270,-0.003786480071517724
GENE_2730,-0.0038527169635551306
GENE_1675,-0.0038763755162484915
GENE_2781,-0.003944823027032213
GENE_1356,-0.003959355093413171
GENE_92,-0.003965638583663653
GENE_2561,-0.004118766927596704
GENE_1681,-0.0041837678774069575
GENE_2179,-0.004196573124509209
GENE_730,-0.0042184717053868805
GENE_892,-0.004234008908820851
GENE_2119,-0.004333007910202323
GENE_1271,-0.004380916280208577
GENE_2982,-0.004383939140664215
GENE_2520,-0.004385637829943369
GENE_1368,-0.004440925035209609
GENE_1025,-0.00444192205320644
GENE_947,-0.00446094197156733
GENE_2624,-0.004478096890494866
GENE_2082,-0.004501768108790461
GENE_1927,-0.004519652749205971
GENE_2878,-0.004566449074185158
GENE_2656,-0.004633459235639827
GENE_1334,-0.004636699559203761
GENE_2638,-0.004660561929410587
GENE_2459,-0.004708154304511927
GENE_1573,-0.004744214214007267
GENE_2280,-0.00489768796483684
GENE_1121,-0.0049226542515295076
GENE_2749,-0.004940095372987631
GENE_1469,-0.005034340701366486
GENE_936,-0.005171266482877787
GENE_60,-0.0051733320061818815
GENE_1487,-0.0051880572409104125
GENE_1750,-0.005204148752477239
GENE_1733,-0.005247397706902272
GENE_751,-0.005256392322003017
GENE_834,-0.005283994902791441
GENE_2174,-0.005289127000591918
GENE_399,-0.005429364920677332
GENE_1117,-0.005598087127382124
GENE_942,-0.0056351912510049056
GENE_99,-0.005681427386749925
GENE_1127,-0.005714431977308317
GENE_957,-0.005773158826930967
GENE_8,-0.005784720767473151
GENE_2756,-0.005847288418232673
GENE_2457,-0.005859048119841514
GENE_1595,-0.00586034138223711
GENE_1723,-0.0059244920848184526
GENE_2889,-0.005956927090519837
GENE_1698,-0.005975577020250393
GENE_2934,-0.0060467370642736055
GENE_2783,-0.006159088490026353
GENE_2011,-0.0062612382894749324
GENE_261,-0.006345815718373808
GENE_1261,-0.006402864162114625
GENE_223,-0.0064205029003342115
GENE_550,-0.006429951834789127
GENE_487,-0.006533266935486397
GENE_1621,-0.006534320982703779
GENE_1879,-0.006686035893556028
GENE_236,-0.00670498263601375
GENE_753,-0.006725540037806437
GENE_65,-0.0067356917433592026
GENE_861,-0.006736601976390193
GENE_2550,-0.006749517733306475
GENE_1489,-0.006772183393036754
GENE_509,-0.006873068687282972
GENE_2008,-0.006922093109960673
GENE_995,-0.00692577523784604
GENE_1011,-0.007048746678318471
GENE_2909,-0.007067375299158234
GENE_1605,-0.007218096950815212
GENE_2324,-0.007317422840444749
GENE_2186,-0.00733000031908396
GENE_2732,-0.007331497963324323
GENE_2291,-0.0073919298549566855
GENE_110,-0.007524211663005336
GENE_1600,-0.00759043236725606
GENE_1840,-0.007723294216514791
GENE_888,-0.007739782838175871
GENE_1062,-0.0077468908875514
GENE_162,-0.007762967599727755
GENE_1620,-0.007770034770631515
GENE_1871,-0.007780818888931331
GENE_606,-0.007856141900699653
GENE_2814,-0.007862655359904599
GENE_1994,-0.007903176954430498
GENE_1812,-0.007920674955752056
GENE_18,-0.007979595897709676
GENE_1191,-0.007993853376617337
GENE_1557,-0.008023272852616998
GENE_2642,-0.008023672825561785
GENE_1049,-0.00802839329246047
GENE_1924,-0.008103569169898142
GENE_2491,-0.008106941290452205
GENE_982,-0.008108315731766399
GENE_575,-0.008152356130233391
GENE_112,-0.008186410410293284
GENE_2031,-0.00819146572238437
GENE_1697,-0.008199648730344294
GENE_1766,-0.00825433944428385
GENE_2354,-0.008270764111102669
GENE_1068,-0.008281493798198158
GENE_2039,-0.008336476725428607
GENE_1259,-0.008360850479538193
GENE_2844,-0.008365537390781868
GENE_337,-0.008462298839011752
GENE_2873,-0.00863726002329826
GENE_1816,-0.008666141149422464
GENE_422,-0.008692464737740074
GENE_368,-0.008700192676589297
GENE_2325,-0.008752954515780911
GENE_1388,-0.008856683138979832
GENE_1580,-0.008864605751578079
GENE_1627,-0.008899414637069737
GENE_2869,-0.008903205152314322
GENE_1403,-0.008917429782266218
GENE_932,-0.008951891825509144
GENE_129,-0.008955479517216315
GENE_415,-0.008957190261315058
GENE_2765,-0.008983472188809443
GENE_2991,-0.008992979651176425
GENE_968,-0.009139793853716435
GENE_97,-0.009143779031741794
GENE_1336,-0.009146634206314659
GENE_2804,-0.009193800159404493
GENE_574,-0.009204219019112673
GENE_1582,-0.009219675941718788
GENE_1513,-0.009235514793631097
GENE_2882,-0.009249667883544602
GENE_170,-0.00931189067562939
GENE_323,-0.009518726795613261
GENE_953,-0.00952566056338236
GENE_2735,-0.009526158979450805
GENE_31,-0.009581764334138973
GENE_1467,-0.009649488293576064
GENE_2151,-0.009678095343844404
GENE_2603,-0.009702481023015202
GENE_315,-0.009737958653065967
GENE_1598,-0.009809009789921816
GENE_532,-0.009971706649492151
GENE_2660,-0.01001082040908511
GENE_445,-0.010101369177067547
GENE_1920,-0.010139523693470695
GENE_1150,-0.01018544336021138
GENE_2930,-0.010261766329438508
GENE_439,-0.010280528273799432
GENE_381,-0.010297109230613727
GENE_2596,-0.010408817442640328
GENE_240,-0.010410767328892912
GENE_2867,-0.010482311012152284
GENE_478,-0.01049969903508287
GENE_2758,-0.010504948838165534
GENE_2876,-0.010543604653160888
GENE_1310,-0.01056788362435641
GENE_2629,-0.010607509840221824
GENE_339,-0.010616028979218938
GENE_1197,-0.010650792525804992
GENE_2005,-0.010716026736165327
GENE_120,-0.010725298157873736
GENE_1358,-0.010763696000911807
GENE_1056,-0.01079406502799803
GENE_1095,-0.010905587696341798
GENE_807,-0.010945255840782778
GENE_1130,-0.010962574428319091
GENE_2332,-0.01102795514040808
GENE_1370,-0.011139563786585212
GENE_1944,-0.011178510268810322
GENE_1641,-0.011199375865811028
GENE_704,-0.011262592329688473
GENE_114,-0.011287203291504509
GENE_964,-0.011289484191626958
GENE_354,-0.011302818035726202
GENE_1810,-0.011318183605642781
GENE_1450,-0.011352074399516066
GENE_2802,-0.011362600735630994
GENE_938,-0.01136690239773648
GENE_698,-0.01146251617541488
GENE_2831,-0.011515895280786654
GENE_1252,-0.011535076810880283
GENE_2812,-0.01163614748834393
GENE_69,-0.01166216361676082
GENE_2344,-0.011687063809204663
GENE_1144,-0.011751286245862243
GENE_2231,-0.011768694097392346
GENE_1565,-0.011776159576499773
GENE_1498,-0.011778982334008094
GENE_157,-0.011830195457767107
GENE_2234,-0.011892359006056676
GENE_2413,-0.011914560377476615
GENE_703,-0.011926324927753081
GENE_656,-0.012013025198730449
GENE_2037,-0.01204646775075241
GENE_752,-0.012061609040274285
GENE_435,-0.012089055111099343
GENE_1278,-0.012107625543645705
GENE_1730,-0.012129570315138661
GENE_903,-0.012138111571081104
GENE_2507,-0.012156154149638988
GENE_398,-0.012177770452320845
GENE_767,-0.01224757386387535
GENE_2881,-0.01229286014998248
GENE_1082,-0.012329764509887
GENE_1216,-0.012360668128824276
GENE_2967,-0.012450314912429917
GENE_2917,-0.012462006383203827
GENE_2366,-0.012549280219585892
GENE_2643,-0.012556185934799884
GENE_1983,-0.012570288222245828
GENE_860,-0.012645311337534573
GENE_2320,-0.012670543245451853
GENE_1196,-0.012684294412624078
GENE_823,-0.01273234984365479
GENE_1204,-0.012799278239077928
GENE_269,-0.012817902043915334
GENE_2950,-0.012854816767798012
GENE_1949,-0.012859845310767743
GENE_1950,-0.01288223763217061
GENE_638,-0.012952832038768958
GENE_2956,-0.012975414881997074
GENE_1667,-0.012976249806974633
GENE_2152,-0.012981087554398744
GENE_409,-0.013056328319753275
GENE_1788,-0.013092724842093766
GENE_2936,-0.013221970877010894
GENE_2579,-0.013272365127957849
GENE_2840,-0.013322313283784817
GENE_1275,-0.013330561852524542
GENE_2279,-0.013362020091956346
GENE_850,-0.01337464287225786
GENE_1575,-0.01338079433567771
GENE_2040,-0.013477285309120679
GENE_1240,-0.013507462144771705
GENE_1828,-0.013558094489507951
GENE_2558,-0.013629718494610962
GENE_300,-0.013664155581292328
GENE_1407,-0.013699220492870388
GENE_142,-0.013784282547048126
GENE_116,-0.01378522194182056
GENE_2161,-0.013839713871973828
GENE_2743,-0.013898083730349254
GENE_2502,-0.013916973837963205
GENE_2969,-0.013926245362732483
GENE_1530,-0.013927103951641196
GENE_446,-0.01394655691695318
GENE_1112,-0.013978247525207231
GENE_2405,-0.014046047592955073
GENE_1132,-0.014071017848812442
GENE_1152,-0.014073139585063461
GENE_1342,-0.014079130454174998
GENE_839,-0.01412105973632995
GENE_438,-0.014153680130287602
GENE_1347,-0.014180422702623144
GENE_2521,-0.014183356564370189
GENE_350,-0.014198579611123243
GENE_2832,-0.014410547628229357
GENE_2587,-0.014416922966007193
GENE_799,-0.014427171094815679
GENE_798,-0.014485521385257931
GENE_2495,-0.014494514222287678
GENE_425,-0.014549965260977207
GENE_2389,-0.014557849406444067
GENE_1940,-0.014660958519779735
GENE_1909,-0.014715783019652436
GENE_1995,-0.014733278327021256
GENE_199,-0.014734310933459966
GENE_1753,-0.01478860208287309
GENE_1515,-0.01478887309714647
GENE_979,-0.014824647494567819
GENE_2166,-0.014844951846968425
GENE_159,-0.014845507099247673
GENE_1268,-0.014914527487622986
GENE_1101,-0.014924778681588969
GENE_2983,-0.014940435893040907
GENE_432,-0.014943209524786623
GENE_2074,-0.01503046360102401
GENE_965,-0.01503640522018419
GENE_2990,-0.015093526710234662
GENE_153,-0.015117416995022302
GENE_655,-0.015123658187781185
GENE_1837,-0.015161372512817635
GENE_2321,-0.015172894696112561
GENE_879,-0.015184467827643666
GENE_2283,-0.015254685433509618
GENE_1174,-0.01528497492481632
GENE_361,-0.015328893072276972
GENE_736,-0.015358719523867729
GENE_1975,-0.01536448770205307
GENE_759,-0.015374339599073803
GENE_776,-0.015480920982773616
GENE_2196,-0.015602063046997197
GENE_2871,-0.015603773213371057
GENE_557,-0.01572886098263499
GENE_128,-0.01573265624535329
GENE_440,-0.015771770208647628
GENE_2347,-0.015772401305382683
GENE_47,-0.01582246327261935
GENE_2875,-0.015838545951764423
GENE_700,-0.015845812695942794
GENE_1798,-0.015846313425353954
GENE_1280,-0.015905528474537564
GENE_1497,-0.016016821958883168
GENE_1550,-0.016032812903978906
GENE_512,-0.016043250438094202
GENE_1472,-0.01607578553528415
GENE_2373,-0.016132299395204372
GENE_915,-0.016168479694092647
GENE_1325,-0.016181365637687534
GENE_2155,-0.016197823494465455
GENE_64,-0.01620215872087198
GENE_76,-0.016253761286538597
GENE_2698,-0.016269178030334095
GENE_1224,-0.01628663053807414
GENE_717,-0.016334059865784786
GENE_2299,-0.016367737730455842
GENE_1153,-0.01641770835464836
GENE_573,-0.01642526121449464
GENE_949,-0.01651076410608293
GENE_12,-0.01652949936719553
GENE_45,-0.016572173219212893
GENE_375,-0.01660362699876322
GENE_828,-0.016607603792805667
GENE_1584,-0.01662398467476067
GENE_2247,-0.016643770401892993
GENE_1645,-0.016677428222725693
GENE_1792,-0.016784696227646775
GENE_187,-0.01679627026292859
GENE_754,-0.01679741621707628
GENE_746,-0.016854962547537787
GENE_1854,-0.01686077847885112
GENE_876,-0.01686740103476958
GENE_1691,-0.01692493351337805
GENE_2462,-0.01696727393133779
GENE_310,-0.017009240460147818
GENE_611,-0.017033410375957972
GENE_202,-0.01708019856646413
GENE_2126,-0.01710551082008775
GENE_305,-0.01713145278642405
GENE_2338,-0.01713679182594143
GENE_2138,-0.017154545830735377
GENE_342,-0.01717403896926878
GENE_1281,-0.017202318542417848
GENE_1711,-0.017331439727847744
GENE_2695,-0.017374479866917404
GENE_640,-0.017422758853446678
GENE_1135,-0.017432841107954504
GENE_161,-0.017435639768661023
GENE_2815,-0.0174791992058691
GENE_2282,-0.017501053911112934
GENE_2574,-0.017552757115564466
GENE_2964,-0.017567367135920078
GENE_79,-0.017588587859895262
GENE_141,-0.01760404080494624
GENE_1525,-0.01760626029455834
GENE_910,-0.017626142539541843
GENE_2233,-0.017687147097570063
GENE_1779,-0.017716047075434938
GENE_166,-0.017754679439297344
GENE_2128,-0.01784122418720288
GENE_85,-0.01796019639127283
GENE_1517,-0.01796730939000819
GENE_826,-0.017973092911302762
GENE_578,-0.018015904751436093
GENE_2497,-0.01801824860262603
GENE_2957,-0.01809784765758075
GENE_2914,-0.01814796324388765
GENE_2686,-0.018194956429772185
GENE_2053,-0.018216344711340503
GENE_2150,-0.018223718779218086
GENE_1430,-0.018223943010559435
GENE_417,-0.018239091193903982
GENE_713,-0.018279857405707513
GENE_2303,-0.018301929690729864
GENE_2479,-0.018341612165585237
GENE_2215,-0.018377836699450683
GENE_2960,-0.018379854014003993
GENE_781,-0.018381560213138123
GENE_1510,-0.01840429436321812
GENE_2335,-0.01840711443036744
GENE_1831,-0.01845664943896622
GENE_1321,-0.018485957645896417
GENE_787,-0.018504209636957796
GENE_2666,-0.01850937981881144
GENE_241,-0.018539809358047957
GENE_1889,-0.018540946833477564
GENE_1286,-0.018593856377717904
GENE_2999,-0.018635560646721564
GENE_1502,-0.01864342926879507
GENE_2289,-0.018746645541629636
GENE_1666,-0.018786471642221848
GENE_13,-0.018828509887999542
GENE_2985,-0.018920197267514812
GENE_1122,-0.018935961179402733
GENE_923,-0.01901731261771661
GENE_185,-0.0190422709059233
GENE_2302,-0.01905767790062695
GENE_2993,-0.01906614395098524
GENE_1747,-0.019086214420571013
GENE_1294,-0.019093829332294233
GENE_2837,-0.01915203684429926
GENE_2933,-0.019156419045922374
GENE_2738,-0.01920776982126248
GENE_2202,-0.019230756567928234
GENE_1344,-0.019269467265925676
GENE_1728,-0.019279849002230138
GENE_2340,-0.019297683526117066
GENE_2626,-0.019314526240502478
GENE_926,-0.019354089669136598
GENE_1877,-0.019364742336375203
GENE_9,-0.01939957419433031
GENE_1705,-0.019424172200263764
GENE_1384,-0.019452790755114406
GENE_2003,-0.019501697805843928
GENE_1020,-0.01951676035135222
GENE_2277,-0.019520287442537504
GENE_2481,-0.01955388466135647
GENE_2897,-0.0196090153493964
GENE_1603,-0.0196887075280503
GENE_941,-0.019689366335167827
GENE_1509,-0.019690058240260357
GENE_1333,-0.019707382384210038
GENE_1137,-0.019718188623176355
GENE_1395,-0.019776302844848992
GENE_2253,-0.019791722901029457
GENE_1967,-0.019824996869606135
GENE_267,-0.01982984292439266
GENE_2921,-0.019886678662583344
GENE_1578,-0.019936510938325498
GENE_1911,-0.020117890597301236
GENE_1895,-0.02012863728472924
GENE_121,-0.020173403030873897
GENE_2057,-0.02021942580957036
GENE_2608,-0.020268473647836807
GENE_690,-0.020271305728731016
GENE_2536,-0.020272358425030012
GENE_1201,-0.02029638556029382
GENE_1778,-0.020374258905154288
GENE_158,-0.02045814645004454
GENE_457,-0.020545814279789854
GENE_465,-0.02055282476591328
GENE_1260,-0.020601413632434406
GENE_2667,-0.020668074326881863
GENE_974,-0.020692023437479955
GENE_652,-0.02069257353550858
GENE_745,-0.020778362451225506
GENE_1917,-0.02081460097270125
GENE_1519,-0.020863430387227794
GENE_699,-0.02095215958334689
GENE_523,-0.020983337812087235
GENE_273,-0.02103037842156019
GENE_2896,-0.02105476780503078
GENE_2519,-0.02109609286464801
GENE_2747,-0.02113005191571535
GENE_1131,-0.021149806889537173
GENE_2655,-0.02115037289762433
GENE_1378,-0.02123375951013537
GENE_2168,-0.021320787106194904
GENE_2534,-0.021371288793207953
GENE_2105,-0.021378049552074833
GENE_2268,-0.021398067577741917
GENE_46,-0.021438976673483146
GENE_2060,-0.02149280284709925
GENE_588,-0.021496398089886983
GENE_825,-0.02152648415280151
GENE_2050,-0.021609967444960486
GENE_724,-0.021700680617297907
GENE_536,-0.021710785099856092
GENE_2972,-0.021729229102796805
GENE_225,-0.02181925324634128
GENE_1692,-0.021879824465199635
GENE_2021,-0.021955612839820123
GENE_2539,-0.0219667175444336
GENE_2863,-0.022013022512713636
GENE_705,-0.022072655493280333
GENE_873,-0.022086281335404592
GENE_661,-0.022106758130644208
GENE_881,-0.0221375711376562
GENE_1184,-0.022196041702544436
GENE_436,-0.022208161396791663
GENE_558,-0.02225259404629881
GENE_1289,-0.022295364204092956
GENE_2017,-0.022348419890135186
GENE_2799,-0.022357562428194398
GENE_1878,-0.022360154446940922
GENE_1836,-0.022372191970039798
GENE_1389,-0.022460490332851926
GENE_2293,-0.022481392997266154
GENE_1977,-0.022717028074125813
GENE_1712,-0.022750685859704006
GENE_848,-0.02278544019342451
GENE_1171,-0.02279522584019325
GENE_2766,-0.02279892332642934
GENE_831,-0.02281664754600517
GENE_1880,-0.022816686058194934
GENE_2774,-0.022957863142368688
GENE_981,-0.022959607823929987
GENE_1827,-0.023013047064833973
GENE_2602,-0.02303690932939597
GENE_341,-0.023046430987620624
GENE_400,-0.02310857686212977
GENE_2190,-0.02312621096228264
GENE_105,-0.023139843426747457
GENE_2273,-0.023166887528030936
GENE_521,-0.023186409490175964
GENE_227,-0.02320010002420521
GENE_2221,-0.023223544401622682
GENE_2350,-0.02332036332319541
GENE_63,-0.023452133800046217
GENE_1921,-0.02351589076417605
GENE_2997,-0.023637483899346043
GENE_1935,-0.02370695428462599
GENE_1714,-0.02371667284988299
GENE_329,-0.02376521594705565
GENE_1650,-0.023817529898049736
GENE_1003,-0.02382129606678465
GENE_1902,-0.023843557330280714
GENE_1202,-0.023864206320957447
GENE_1343,-0.023868790005490075
GENE_2761,-0.02394486435492523
GENE_2254,-0.02403242616008485
GENE_1357,-0.024086433123110113
GENE_168,-0.024100705951055627
GENE_1815,-0.024103034280040896
GENE_544,-0.024191124151275663
GENE_1864,-0.024245617730112
GENE_476,-0.02425705759257036
GENE_282,-0.02426249635755121
GENE_291,-0.024283281413924974
GENE_2127,-0.024306285564167644
GENE_1021,-0.024335800737779474
GENE_152,-0.02439689605228262
GENE_444,-0.02442321051023924
GENE_219,-0.02451746080404729
GENE_2813,-0.024752943233221227
GENE_572,-0.02477209956971669
GENE_2056,-0.024786218105156205
GENE_1046,-0.024791945802895496
GENE_357,-0.02479874179461107
GENE_1862,-0.02482401850393517
GENE_1802,-0.02494262025385802
GENE_2904,-0.024986020811924414
GENE_676,-0.024989532703625077
GENE_897,-0.02499296604615627
GENE_2178,-0.024996473544449782
GENE_2647,-0.025009031466223144
GENE_1579,-0.025039975289886746
GENE_1375,-0.025071253669328993
GENE_1713,-0.0251152936432414
GENE_2992,-0.02513530350297968
GENE_177,-0.025169333182929916
GENE_862,-0.025203890492890707
GENE_1058,-0.025222536921510177
GENE_2343,-0.025247563025466414
GENE_1799,-0.025262191019427515
GENE_2059,-0.025323519384585148
GENE_2020,-0.025389456563038156
GENE_2276,-0.025478457385011085
GENE_2559,-0.02548859315551344
GENE_608,-0.02551088952738303
GENE_2895,-0.02564348046087561
GENE_2803,-0.025701697844045114
GENE_419,-0.02570754449734753
GENE_646,-0.025828607654224126
GENE_1597,-0.025845466260877036
GENE_1662,-0.02588242151436002
GENE_1332,-0.02589657432926265
GENE_1504,-0.025919803803689988
GENE_1928,-0.02594919941416794
GENE_1258,-0.026019762974953196
GENE_1835,-0.026020122329657617
GENE_1105,-0.026120017158362468
GENE_1794,-0.026157306318052808
GENE_2153,-0.026204795197415878
GENE_2445,-0.026212421317569942
GENE_2631,-0.026281051006675347
GENE_447,-0.026346346643419526
GENE_946,-0.026414745942824308
GENE_2538,-0.02642595521058661
GENE_1330,-0.026477209486901066
GENE_285,-0.026507773278921145
GENE_2175,-0.02655767836432848
GENE_566,-0.026589582923775713
GENE_1451,-0.026766655203368257
GENE_1085,-0.02701140265179306
GENE_695,-0.027060704219664146
GENE_1376,-0.027107898728819753
GENE_191,-0.027158079145580008
GENE_2989,-0.027165490054813213
GENE_467,-0.027187755029879968
GENE_1972,-0.027283763456092996
GENE_657,-0.02731544211682628
GENE_2331,-0.027352812287339427
GENE_1758,-0.027436927473274236
GENE_351,-0.027482132662242267
GENE_330,-0.02751506536877512
GENE_1484,-0.027550524441799805
GENE_134,-0.02755870880651593
GENE_1331,-0.02756951020699336
GENE_1030,-0.027641811355284686
GENE_1454,-0.027694197404789987
GENE_336,-0.027712084908676913
GENE_2367,-0.02782452846969021
GENE_2134,-0.027839679949907034
GENE_2915,-0.02784633407202452
GENE_990,-0.02784957798202535
GENE_1679,-0.02785877965662834
GENE_722,-0.027862157678659055
GENE_2266,-0.027886826791531642
GENE_1185,-0.027917904699781042
GENE_2868,-0.02801496793289336
GENE_294,-0.028015805719253734
GENE_1453,-0.02802778284663061
GENE_2708,-0.028043420087201204
GENE_758,-0.02815942616652451
GENE_1852,-0.028183958517992734
GENE_2617,-0.028258010728467016
GENE_2597,-0.028311096008422548
GENE_869,-0.02843619902680244
GENE_1694,-0.02844094012837299
GENE_1055,-0.028499027974850356
GENE_253,-0.028506970487547575
GENE_1649,-0.028528577743739004
GENE_494,-0.02858931657219237
GENE_2767,-0.028643152230155712
GENE_835,-0.028823857502559856
GENE_2154,-0.028831121362213222
GENE_1674,-0.028970551978666187
GENE_720,-0.028977369636686102
GENE_761,-0.02898556308747309
GENE_73,-0.028985757053423683
GENE_560,-0.028990977090081343
GENE_725,-0.02901801996537149
GENE_2562,-0.02903246043469434
GENE_1782,-0.02906925841709987
GENE_2927,-0.029107362803013907
GENE_2659,-0.02926644978000646
GENE_2946,-0.02937810345672163
GENE_765,-0.029387842157710217
GENE_1079,-0.029429597049924074
GENE_2386,-0.029447398661277404
GENE_1188,-0.02949625530539265
GENE_714,-0.029618847406272023
GENE_2544,-0.029699869570373377
GENE_2672,-0.029706809005984006
GENE_1529,-0.02972333002817609
GENE_2762,-0.029760327014547394
GENE_842,-0.02977498680484518
GENE_1987,-0.029788822993092778
GENE_1918,-0.02982376842444211
GENE_24,-0.029890650013195366
GENE_1319,-0.029929230423537526
GENE_2935,-0.029955548955995427
GENE_124,-0.02998645962637707
GENE_2845,-0.030154832500336532
GENE_2197,-0.030195085452648287
GENE_985,-0.03026997271304549
GENE_1930,-0.030297324955418085
GENE_1116,-0.030299629962089063
GENE_2616,-0.03043504097046859
GENE_514,-0.030449029792624815
GENE_2870,-0.03055788305819938
GENE_1953,-0.030558388143396675
GENE_428,-0.030582538616769406
GENE_151,-0.030610337718277196
GENE_2035,-0.030655800376889517
GENE_1937,-0.030674524168415044
GENE_580,-0.030737143282957777
GENE_304,-0.030880881152570004
GENE_2308,-0.031054899847448594
GENE_87,-0.031108723825169132
GENE_2054,-0.031161954846671027
GENE_1264,-0.031375286244067865
GENE_2669,-0.03142280428441541
GENE_1553,-0.03145850902187577
GENE_1189,-0.03146111572104547
GENE_769,-0.03164773246447326
GENE_1308,-0.03165294601868072
GENE_132,-0.03166436332098571
GENE_760,-0.03186015201510773
GENE_2809,-0.03196463018792431
GENE_1305,-0.031978040596395266
GENE_1718,-0.03207191051074608
GENE_355,-0.032138278928434155
GENE_1634,-0.032151063612815084
GENE_2791,-0.0322500512967064
GENE_1868,-0.03225358893518441
GENE_1742,-0.03229148622958075
GENE_1797,-0.03237307080056991
GENE_1821,-0.03238937562345232
GENE_1611,-0.032417771126746375
GENE_345,-0.03246835601593256
GENE_379,-0.032471412154397916
GENE_539,-0.0325093192938842
GENE_2294,-0.03252937556691743
GENE_1825,-0.03253437053144251
GENE_454,-0.03272833970716453
GENE_188,-0.032758513703442134
GENE_918,-0.03277414562377845
GENE_1164,-0.03280677182346891
GENE_1518,-0.032850910997871074
GENE_308,-0.03288831000789055
GENE_2514,-0.03289444443676104
GENE_854,-0.03289978292116672
GENE_1031,-0.03292524126812048
GENE_2719,-0.0330706668656066
GENE_545,-0.03310857618251768
GENE_388,-0.03313978727218231
GENE_2754,-0.0331687042753282
GENE_2676,-0.033184134133882895
GENE_669,-0.033211308400883426
GENE_164,-0.03324661470548172
GENE_742,-0.033284112052037275
GENE_773,-0.03341146301891511
GENE_1706,-0.033555330610990294
GENE_2352,-0.033621748947012475
GENE_1689,-0.033627957857316815
GENE_1470,-0.033644166504325085
GENE_2248,-0.03368083159068254
GENE_2822,-0.03369009350870385
GENE_821,-0.033694986863336676
GENE_2395,-0.03370963786107857
GENE_994,-0.03377895582829921
GENE_864,-0.03380917524316002
GENE_433,-0.03396698647939271
GENE_278,-0.03415010848638227
GENE_2077,-0.03416201689146227
GENE_1695,-0.034327138547101316
GENE_1885,-0.0343375883439426
GENE_2740,-0.03446768106192461
GENE_1193,-0.03448158017047934
GENE_133,-0.03448861689423015
GENE_2501,-0.034653547019424746
GENE_1740,-0.03466800493591015
GENE_1394,-0.034676434518580115
GENE_93,-0.03469101238856602
GENE_822,-0.03475054530544585
GENE_2728,-0.03476670995058226
GENE_719,-0.03477441720375326
GENE_810,-0.0347810710583568
GENE_1077,-0.034801712450532984
GENE_1081,-0.034812706446056545
GENE_893,-0.03487676187040516
GENE_2361,-0.03502007339196869
GENE_2951,-0.03505074493663143
GENE_2646,-0.03507177474480042
GENE_553,-0.035295548209160435
GENE_1100,-0.0353423626295671
GENE_293,-0.035423141259530964
GENE_1914,-0.03547294944658016
GENE_991,-0.03547434276143569
GENE_1291,-0.035503157863079296
GENE_570,-0.035523241552714885
GENE_260,-0.03556410887602365
GENE_407,-0.0356035641947844
GENE_2711,-0.03562835430394476
GENE_475,-0.03567571374943165
GENE_1738,-0.03569907637546857
GENE_1741,-0.03577280165392554
GENE_2478,-0.035833691745555354
GENE_2709,-0.03584378691859971
GENE_2473,-0.03584670372098199
GENE_150,-0.03604420561019468
GENE_1474,-0.03604815779792624
GENE_390,-0.03609458653409729
GENE_1956,-0.036098272491848736
GENE_2169,-0.03610084654303395
GENE_707,-0.03611647845945889
GENE_863,-0.036145021964081245
GENE_2402,-0.03618130389266161
GENE_694,-0.036193414189412194
GENE_2428,-0.036196730869532186
GENE_786,-0.03626878497045335
GENE_1256,-0.03627261070817172
GENE_94,-0.03631913317745654
GENE_605,-0.036374962890278736
GENE_2232,-0.03638012026386435
GENE_2094,-0.036475383030951186
GENE_2633,-0.03647852108047357
GENE_1506,-0.03666808951005723
GENE_2653,-0.03666989241437058
GENE_1373,-0.036828437274407724
GENE_1396,-0.03684743980105877
GENE_620,-0.03685733750744877
GENE_1971,-0.03696373930974933
GENE_2224,-0.03700133345580241
GENE_1148,-0.03703511417368992
GENE_2199,-0.03709454985837049
GENE_1613,-0.037101016262023306
GENE_1682,-0.037196055867932475
GENE_2612,-0.0372505713561614
GENE_868,-0.03725265460391061
GENE_958,-0.03725502702814251
GENE_2492,-0.03725815874477644
GENE_469,-0.03728430384172726
GENE_2069,-0.037453266269083484
GENE_973,-0.03754349252863451
GENE_1554,-0.037628175013827675
GENE_2108,-0.03763929311480067
GENE_25,-0.03765094479606396
GENE_1848,-0.037664052197817016
GENE_2426,-0.0377174463897461
GENE_2109,-0.03785504946438326
GENE_167,-0.03789635375162509
GENE_2488,-0.03797371227052765
GENE_1673,-0.03817576811771431
GENE_328,-0.03818989213506736
GENE_23,-0.038205049315173725
GENE_1140,-0.03824008228650626
GENE_2836,-0.03824843993892256
GENE_373,-0.038282924959429615
GENE_1931,-0.038300338616980775
GENE_535,-0.03831783422205467
GENE_2780,-0.03834120248983802
GENE_1998,-0.038396196886758056
GENE_2372,-0.03854751362344316
GENE_816,-0.03859322711702412
GENE_1096,-0.03864694558987615
GENE_247,-0.038679447544026614
GENE_1546,-0.038790189330723486
GENE_969,-0.03881207114819928
GENE_639,-0.03900080310364323
GENE_2250,-0.03904080811753854
GENE_2171,-0.03905604039780522
GENE_2084,-0.039099654718259956
GENE_2757,-0.03923953067066702
GENE_1687,-0.03928787009013164
GENE_484,-0.03934733703026179
GENE_2144,-0.03941293087294231
GENE_1054,-0.03949734522398379
GENE_764,-0.03958286460765449
GENE_660,-0.039722140996879
GENE_2214,-0.039822890219832804
GENE_744,-0.03983715428758779
GENE_1037,-0.039920283203136356
GENE_101,-0.03993996267757633
GENE_2275,-0.03994038150024243
GENE_359,-0.039993848977894764
GENE_635,-0.040057269712102224
GENE_1532,-0.04009995451128367
GENE_2256,-0.040169361520709115
GENE_1318,-0.040175798554738296
GENE_2722,-0.040191920868983315
GENE_1716,-0.0403582448876042
GENE_1870,-0.040518777791643985
GENE_2382,-0.04077163347305894
GENE_2902,-0.040985417017867246
GENE_2414,-0.041034618043332534
GENE_1340,-0.04108770332770611
GENE_2630,-0.0412051270213808
GENE_2788,-0.041218366202531144
GENE_866,-0.04125618960069367
GENE_1119,-0.04129719754557178
GENE_27,-0.0413161226765263
GENE_492,-0.04143132108112574
GENE_1231,-0.04145441566817838
GENE_603,-0.04153569325430158
GENE_650,-0.04155124119766895
GENE_1423,-0.04159429332245691
GENE_894,-0.041706680549963224
GENE_2429,-0.041743099406479446
GENE_1262,-0.04179537035494113
GENE_1886,-0.04183844900057112
GENE_181,-0.04188932108232748
GENE_58,-0.041889429346258125
GENE_2664,-0.04192803147581853
GENE_1858,-0.04196974624735104
GENE_160,-0.04198355051541956
GENE_2281,-0.04207536325817669
GENE_2661,-0.04215296818352439
GENE_527,-0.04216766157856544
GENE_238,-0.042228525259489474
GENE_1908,-0.04224642932476193
GENE_2022,-0.04230381980777242
GENE_1737,-0.042356510038097366
GENE_326,-0.04236096417695122
GENE_319,-0.04239276544054814
GENE_2576,-0.04244289311055044
GENE_1507,-0.042491517166021495
GENE_301,-0.04249379206165479
GENE_147,-0.04251777085023882
GENE_902,-0.04257609210946022
GENE_2618,-0.042585812398486744
GENE_131,-0.042860926481881986
GENE_2713,-0.04295648799708419
GENE_1399,-0.04297211703901096
GENE_231,-0.043110636615995894
GENE_2508,-0.04314340727572382
GENE_827,-0.04315549615013572
GENE_1186,-0.04318318687266629
GENE_1303,-0.04322608522447595
GENE_1295,-0.043230663468202694
GENE_376,-0.04330250737973447
GENE_2394,-0.0433427176785806
GENE_2500,-0.04335568054946583
GENE_891,-0.04363093187654081
GENE_999,-0.04374248418002208
GENE_2789,-0.04377210831609865
GENE_1968,-0.04379060189886562
GENE_2210,-0.04396675229449868
GENE_865,-0.04402251710804181
GENE_2773,-0.04409670507693498
GENE_1701,-0.04414121854516984
GENE_1905,-0.04417417397338559
GENE_2668,-0.044177582014953816
GENE_214,-0.04418348666842069
GENE_889,-0.0442412805679186
GENE_1226,-0.04435060131466596
GENE_2968,-0.0443970243203939
GENE_451,-0.044437511898633576
GENE_1465,-0.044471880692449575
GENE_1746,-0.04448698111341603
GENE_234,-0.044615207236911224
GENE_531,-0.04464284065145619
GENE_2977,-0.04470662264573085
GENE_237,-0.044719164256962506
GENE_2015,-0.04477117083363552
GENE_84,-0.044999091817795656
GENE_1244,-0.045023038651593766
GENE_642,-0.04508708614465057
GENE_1438,-0.04514349671796516
GENE_2114,-0.0452532150605964
GENE_2825,-0.04530261116617337
GENE_486,-0.045356339389743816
GENE_750,-0.0454264596306766
GENE_2067,-0.04555819275319287
GENE_601,-0.04563237924170052
GENE_1416,-0.045698922485316935
GENE_81,-0.04576450791413623
GENE_1783,-0.04578140766420587
GENE_1846,-0.04579904863803696
GENE_458,-0.0459322091282245
GENE_2203,-0.045994259800181944
GENE_1717,-0.046012620606940294
GENE_1213,-0.04612672791487484
GENE_680,-0.046137080187311975
GENE_555,-0.046148738186252425
GENE_593,-0.04617253337969832
GENE_2978,-0.04624789474342527
GENE_2984,-0.046289582547599004
GENE_2529,-0.04633180857300595
GENE_218,-0.046377746477302965
GENE_2674,-0.04640458028243304
GENE_1200,-0.04648065294737634
GENE_890,-0.04653237401259307
GENE_2605,-0.04660862795268722
GENE_378,-0.0466730282123679
GENE_2940,-0.0467095859519682
GENE_1475,-0.046944194328122316
GENE_1461,-0.04696615767213093
GENE_2947,-0.047121434618119545
GENE_2163,-0.04716521217953156
GENE_2288,-0.04722134620684032
GENE_1066,-0.04727053941913173
GENE_2779,-0.04733760230154507
GENE_1285,-0.0473449890012997
GENE_2883,-0.047354003628623374
GENE_2375,-0.04738549901630981
GENE_496,-0.0474208669396768
GENE_2435,-0.047453504564004316
GENE_738,-0.04758395849148906
GENE_2118,-0.0475972764531803
GENE_2328,-0.047761369856289176
GENE_468,-0.04780948801084006
GENE_2388,-0.04782175295723018
GENE_804,-0.047825119852437765
GENE_1381,-0.04793739121612208
GENE_2785,-0.047971692021523515
GENE_1351,-0.04797471320880671
GENE_2769,-0.04801544482447341
GENE_2652,-0.04819771156298562
GENE_682,-0.04828105585115913
GENE_1735,-0.048288996877295064
GENE_2106,-0.0483471811206338
GENE_456,-0.048482326086799664
GENE_1361,-0.04851663056897139
GENE_2384,-0.04857205488363054
GENE_4,-0.04859015889098446
GENE_184,-0.0485930743236603
GENE_1777,-0.04866118439707409
GENE_349,-0.04877853984928541
GENE_1838,-0.04878039206138361
GENE_779,-0.048841963829050046
GENE_1436,-0.04888136442940409
GENE_2744,-0.048886739099005774
GENE_2925,-0.048890539669573616
GENE_1732,-0.04901238037202113
GENE_743,-0.04906864763014628
GENE_1142,-0.049074883548435005
GENE_2640,-0.04910420051969661
GENE_333,-0.04916862233453343
GENE_1976,-0.04929900693725135
GENE_2130,-0.04930702196074881
GENE_1014,-0.04934153648257099
GENE_537,-0.0494627657609534
GENE_1594,-0.04946347800325453
GENE_785,-0.049559596864961794
GENE_998,-0.049577040791276714
GENE_1544,-0.04960037468096353
GENE_731,-0.04970128058181748
GENE_434,-0.04988983659013207
GENE_1327,-0.04989255147282979
GENE_513,-0.05000879408738939
GENE_102,-0.050217938084111825
GENE_2635,-0.05022976343153755
GENE_43,-0.05029194377705879
GENE_788,-0.05033046287267541
GENE_533,-0.050376946123770694
GENE_851,-0.05053940252945021
GENE_244,-0.050675954621599975
GENE_718,-0.05078516777780949
GENE_2434,-0.05097101538627206
GENE_1524,-0.05114441195866949
GENE_1671,-0.0511452391134095
GENE_2183,-0.05115665369652682
GENE_243,-0.05122024378414447
GENE_645,-0.051349548435176126
GENE_324,-0.051460036183449506
GENE_1826,-0.05147979594626469
GENE_934,-0.051573751279744375
GENE_2609,-0.05180225233652119
GENE_2374,-0.051824607027401146
GENE_489,-0.05182820902097862
GENE_174,-0.0518401362039701
GENE_2430,-0.05207479472227765
GENE_316,-0.05211903470793641
GENE_2512,-0.052285395569270275
GENE_2619,-0.05238640040643901
GENE_774,-0.05239283089643045
GENE_233,-0.05243163668000839
GENE_2800,-0.052521116283599734
GENE_1104,-0.05277346751651147
GENE_1549,-0.05283813732828235
GENE_1823,-0.0531825931416758
GENE_1317,-0.05321038763749183
GENE_1302,-0.05324457188494193
GENE_1161,-0.053289980958088796
GENE_1421,-0.05336700779717326
GENE_2311,-0.053433726235707656
GENE_2532,-0.053447931811371335
GENE_2212,-0.05357973552773803
GENE_2966,-0.0536142854943507
GENE_1443,-0.053705155531587584
GENE_1822,-0.05372480748901421
GENE_1301,-0.053728060490498906
GENE_1366,-0.053853559996293036
GENE_90,-0.053912576411062396
GENE_616,-0.054013819222235936
GENE_1032,-0.054104966710448524
GENE_1869,-0.054231510870940865
GENE_1377,-0.0543723401043683
GENE_1808,-0.05440368404382865
GENE_1412,-0.05442212068761935
GENE_1091,-0.054448916147971683
GENE_2240,-0.05449745372698052
GENE_2083,-0.05454856690004521
GENE_1181,-0.05467213490054553
GENE_156,-0.05485510637765778
GENE_2566,-0.054896750023178856
GENE_641,-0.05491943230992431
GENE_67,-0.05506924798269908
GENE_2563,-0.05519371376306875
GENE_56,-0.05521166478142739
GENE_2026,-0.055318437213858346
GENE_546,-0.05551272963384361
GENE_1892,-0.05558504276431174
GENE_1163,-0.05574304991706981
GENE_2383,-0.05581927710154764
GENE_2885,-0.05606969426584389
GENE_1528,-0.05609076456158955
GENE_2833,-0.05620904069904555
GENE_242,-0.05620918820704579
GENE_1648,-0.05621621514503779
GENE_2929,-0.056371479109171826
GENE_2381,-0.0564912572549148
GENE_2594,-0.05651917414068553
GENE_2546,-0.056602762498621985
GENE_852,-0.05666216957866882
GENE_1590,-0.05689961780762152
GENE_1145,-0.05693368735718009
GENE_505,-0.05699036880113632
GENE_2707,-0.05713858570022854
GENE_2045,-0.057379602434097066
GENE_2490,-0.057389932374159854
GENE_2614,-0.057526595537608465
GENE_664,-0.05757167977184145
GENE_495,-0.057767552848245175
GENE_1314,-0.057790097020811095
GENE_2443,-0.0578053747042049
GENE_2041,-0.058010100514354714
GENE_1770,-0.0581191341464312
GENE_2359,-0.05820116345738452
GENE_1417,-0.05825734365732897
GENE_2111,-0.05848898061919752
GENE_607,-0.05863629768799714
GENE_708,-0.05871857777697766
GENE_2346,-0.05877299593603785
GENE_778,-0.05895276689537348
GENE_2565,-0.059445178298512896
GENE_1624,-0.05944609566317822
GENE_896,-0.059792247644601226
GENE_1727,-0.06002375680493773
GENE_1715,-0.06005411678132698
GENE_631,-0.06007540120234638
GENE_1009,-0.060371630639498644
GENE_1397,-0.06046891232747542
GENE_2568,-0.06064529695142676
GENE_878,-0.06068613541621801
GENE_2371,-0.06128839436908321
GENE_853,-0.061368975079981916
GENE_2678,-0.061477803512197914
GENE_1043,-0.06154665248632665
GENE_1024,-0.061633891435956316
GENE_383,-0.06170230827562775
GENE_2654,-0.061786504439389364
GENE_460,-0.061888379720347414
GENE_2004,-0.06189623158954106
GENE_1704,-0.061927600897409216
GENE_634,-0.062006952423161
GENE_1907,-0.062089628038573444
GENE_2358,-0.06233927906367377
GENE_2176,-0.06237778261402113
GENE_955,-0.06257745702327903
GENE_2087,-0.06263347252642117
GENE_1039,-0.06277872428993223
GENE_1932,-0.06281930086749574
GENE_1929,-0.06283201952771024
GENE_2726,-0.06288309474033418
GENE_1214,-0.06291975761279482
GENE_916,-0.06292459371428438
GENE_590,-0.06300384740987036
GENE_1982,-0.06318648738867003
GENE_2421,-0.06319182123278554
GENE_1084,-0.0632544470653303
GENE_2639,-0.06337055403429585
GENE_1585,-0.06348706456397493
GENE_2741,-0.06359154160822876
GENE_1526,-0.06397132673101814
GENE_556,-0.06427110587805801
GENE_2958,-0.06431632640361935
GENE_2835,-0.06431696480955489
GENE_1684,-0.06445787834082889
GENE_614,-0.06447983593512312
GENE_1346,-0.06450417706751298
GENE_1786,-0.06490528395346844
GENE_2477,-0.06510539816245506
GENE_61,-0.06533090723228724
GENE_1814,-0.06534136586068687
GENE_711,-0.06561300538941134
GENE_1936,-0.0657105662414963
GENE_547,-0.0657308817230878
GENE_111,-0.06586891248632859
GENE_78,-0.06595652860512383
GENE_1856,-0.06603824552903106
GENE_1875,-0.0660618218998336
GENE_331,-0.06613294338014565
GENE_1719,-0.0662237443589982
GENE_697,-0.0663183768698453
GENE_2687,-0.06636142361455627
GENE_1676,-0.06640795442747097
GENE_165,-0.06661813572045303
GENE_2888,-0.06665678213087953
GENE_2205,-0.06669352337202218
GENE_17,-0.06675225646753076
GENE_138,-0.06691275072848372
GENE_2284,-0.06701933533971288
GENE_2104,-0.06707811324641393
GENE_2816,-0.06710705396860692
GENE_1966,-0.06731150114068128
GENE_1041,-0.06738978526611877
GENE_356,-0.06748961189863151
GENE_2123,-0.0677628037387356
GENE_628,-0.06781456649338723
GENE_1198,-0.06787881802887477
GENE_470,-0.06791449421533209
GENE_1246,-0.06793781337085775
GENE_1979,-0.06798961658709535
GENE_1457,-0.0684763487158345
GENE_1067,-0.06880262230482449
GENE_2257,-0.06887330710468859
GENE_1943,-0.06890592076853269
GENE_1374,-0.06900525200766658
GENE_119,-0.06907926417273655
GENE_463,-0.06913144698418841
GENE_296,-0.06926332889458656
GENE_38,-0.06999393138533143
GENE_2486,-0.07002111716467184
GENE_1146,-0.07032539222475136
GENE_2727,-0.07047750171890418
GENE_1293,-0.07052168669752047
GENE_1631,-0.07059661276639599
GENE_1607,-0.07097445479287914
GENE_1166,-0.07107460785412005
GENE_2218,-0.07120146581542496
GENE_1820,-0.0712065276722796
GENE_1424,-0.07124159812086545
GENE_504,-0.07142644053254966
GENE_1665,-0.07147779736410863
GENE_144,-0.07170805013057184
GENE_2423,-0.0719924232156878
GENE_763,-0.07214868384985323
GENE_795,-0.07228778354578734
GENE_1857,-0.0727809535082504
GENE_1642,-0.07290563485933846
GENE_1615,-0.07304242789829068
GENE_2318,-0.0731120434753781
GENE_2928,-0.07327467386853513
GENE_1700,-0.07333252945959866
GENE_266,-0.07333378358494422
GENE_2295,-0.07342081936328895
GENE_1757,-0.07343011704602506
GENE_594,-0.07348448965166399
GENE_1283,-0.07362410175183612
GENE_1005,-0.07394921383748278
GENE_1873,-0.07413406595878994
GENE_2829,-0.07416989787543427
GENE_82,-0.07418805807904694
GENE_2826,-0.07423819646811392
GENE_503,-0.07432387470627527
GENE_2096,-0.07452075400612647
GENE_632,-0.07458288133340729
GENE_2046,-0.07466306277780213
GENE_1097,-0.07476272499252157
GENE_2680,-0.07562068750344036
GENE_561,-0.0756914522842188
GENE_2093,-0.07606192673411628
GENE_1660,-0.0761993662848058
GENE_2818,-0.07622067695362009
GENE_1946,-0.07637404581570725
GENE_2076,-0.07648898469877345
GENE_2092,-0.07672308543231451
GENE_681,-0.07672822020771328
GENE_2467,-0.07686091520631753
GENE_2173,-0.07694280058740857
GENE_2446,-0.07705928499225213
GENE_2961,-0.07728069670866347
GENE_2162,-0.07736980293983481
GENE_1845,-0.07738588751980062
GENE_1637,-0.0777393422541592
GENE_235,-0.07775250041040989
GENE_259,-0.07799393393201345
GENE_1439,-0.07800830308571048
GENE_1272,-0.0781562127848364
GENE_1076,-0.07815916940287233
GENE_508,-0.07818596570546615
GENE_2899,-0.07820584565278324
GENE_2401,-0.07849820975921212
GENE_340,-0.07857191201781999
GENE_480,-0.07864064685393213
GENE_1106,-0.07873032839246683
GENE_183,-0.07898013698503971
GENE_1251,-0.07915290373261671
GENE_2305,-0.07940274377540837
GENE_453,-0.07946307172679812
GENE_2369,-0.07954041502778972
GENE_2931,-0.07955793532893421
GENE_34,-0.07957648563799946
GENE_1232,-0.07985649869367947
GENE_612,-0.0799737486746881
GENE_1329,-0.08008763771859975
GENE_951,-0.08026221631922341
GENE_2100,-0.08030581607549611
GENE_576,-0.08119525013919636
GENE_1006,-0.08159515993864343
GENE_2440,-0.08231237657743334
GENE_2911,-0.08240918362550309
GENE_658,-0.0826838596864565
GENE_2522,-0.08332149400481652
GENE_2237,-0.08354418337726952
GENE_2264,-0.08357728069463202
GENE_68,-0.08411346464806041
GENE_2593,-0.08442761535561177
GENE_2033,-0.08462597074879381
GENE_264,-0.08517212649610521
GENE_925,-0.0853070485290586
GENE_1538,-0.08532900518386768
GENE_2207,-0.08545763989045493
GENE_1435,-0.08551447162236193
GENE_2941,-0.08561109592976521
GENE_1393,-0.08583456610814899
GENE_83,-0.08599359330835711
GENE_2447,-0.08601927380064239
GENE_2555,-0.08606340024091247
GENE_2553,-0.08625247596687087
GENE_937,-0.086470193424747
GENE_2841,-0.08669543986822921
GENE_1800,-0.08688158837991486
GENE_1418,-0.08688407024226141
GENE_1371,-0.08731483494550418
GENE_1170,-0.08756755100186664
GENE_2980,-0.08828262697389187
GENE_37,-0.08856064546907182
GENE_636,-0.08867572473569493
GENE_2085,-0.08899415128583904
GENE_686,-0.08914431815897664
GENE_1785,-0.08950657658625916
GENE_1970,-0.08961885034654729
GENE_784,-0.08967395228020825
GENE_2948,-0.08974109910891766
GENE_522,-0.09065052674543589
GENE_1404,-0.09066186582758287
GENE_1228,-0.09071104691501339
GENE_2892,-0.09081814353724486
GENE_1338,-0.09090234842172192
GENE_2191,-0.09102582736582264
GENE_1888,-0.09106972650636634
GENE_935,-0.09109050962479223
GENE_2228,-0.0918595113252032
GENE_2002,-0.0926285283137656
GENE_2705,-0.09293229293675556
GENE_89,-0.09346792348276181
GENE_762,-0.09404945430752941
GENE_472,-0.09409471274160977
GENE_2258,-0.09432258949025105
GENE_2012,-0.09464433603552974
GENE_1884,-0.09521257704712807
GENE_829,-0.09599614144154256
GENE_2306,-0.09625602066017244
GENE_1635,-0.0963079432973463
GENE_989,-0.09657506955551459
GENE_806,-0.09657844600527003
GENE_2493,-0.09715726148557145
GENE_791,-0.09723514106988393
GENE_1721,-0.09775337616897715
GENE_1162,-0.09840147673686757
GENE_2970,-0.09908255146000006
GENE_1253,-0.1002890562774607
GENE_920,-0.10057220392942326
GENE_2329,-0.10064681138278145
GENE_91,-0.10093012648365494
GENE_2886,-0.10272612187306679
GENE_1428,-0.10430406005353175
GENE_2506,-0.10504125601567026
GENE_2533,-0.1057634878073406
GENE_1249,-0.10591133296971549
GENE_74,-0.10592551103702666
GENE_2932,-0.10760755983431713
GENE_1688,-0.10827561112061823
GENE_911,-0.10918080801773034
GENE_2466,-0.11081836724770047
GENE_2110,-0.11104172256140513
GENE_2794,-0.11217671565739326
GENE_1626,-0.11241847770598602
GENE_1568,-0.11324191939881512
GENE_367,-0.11577406835854392
GENE_943,-0.11687746077591829
GENE_2007,-0.11887623267841696
GENE_1916,-0.11977393701733455
GENE_2409,-0.12067372219843728
GENE_2621,-0.12098650559458193
GENE_567,-0.12122518812903399
GENE_36,-0.12204691901595034
GENE_1482,-0.1230276167930704
GENE_1696,-0.12397441464745429
GENE_1952,-0.12787433992854016
GENE_1772,-0.1292726182541665
GENE_197,-0.13230650672121916
GENE_1464,-0.13273250900933858
GENE_2926,-0.1337004568920211
GENE_1431,-0.13709431481993567
GENE_2117,-0.14510513399770564
